Group,Session,mean pressure,mean,pressure difference,diff,Succes
1,1,78,7.7,9.4,-6.3,1
1,2,81.5,11.2,7,-8.8,1
1,3,79,8.7,28,12.2,1
1,4,93,22.7,26,10.2,1
1,5,71.6,1.3,24.9,9.1,1
1,6,73.7,3.4,33.7,17.9,1
1,7,72.6,2.3,40.2,24.4,1
1,8,63.3,-7,17.5,1.7,1
1,9,77.5,7.2,32.7,17,1
1,10,80.3,10,28.4,12.6,1
1,11,82,11.7,45,29.2,1
1,12,79.1,8.8,34.9,19.2,1
1,13,89.8,19.5,3,-12.8,0
1,14,81.5,11.2,13,-2.8,1
1,15,78,7.7,53,37.2,1
1,16,67,-3.3,64,48.2,1
1,17,67.5,-2.8,7,-8.8,1
1,18,63.1,-7.2,24.3,8.5,1
1,19,84,13.8,27.8,12.1,0
1,20,75.4,5.1,18.8,3,1
1,21,79.5,9.2,45,29.2,1
1,22,65,-5.3,82,66.2,1
1,23,71,0.7,17,1.2,1
1,24,85.4,15.1,16.3,0.6,0
1,25,82.5,12.2,9,-6.8,1
1,26,72,1.7,8,-7.8,1
1,27,69,-1.3,28,12.2,1
1,28,91.5,21.2,37,21.2,1
1,29,82.8,12.5,27.5,11.7,1
1,30,76,5.7,30.8,15.1,1
1,31,68.4,-1.9,31.8,16,1
1,32,68.1,-2.1,21.3,5.5,1
1,33,70.3,0,33.8,18.1,1
1,34,66.7,-3.6,37.3,21.6,1
1,35,68.2,-2.1,15,-0.8,1
1,36,58.3,-11.9,36.7,20.9,1
1,37,77.3,7,15.2,-0.5,1
1,38,70.3,0.1,29.3,13.6,1
1,39,74.7,4.5,14.1,-1.7,0
1,40,64,-6.3,22,6.2,1
1,41,82,11.7,22,6.2,1
1,42,63.8,-6.5,26.5,10.7,1
1,43,80.8,10.5,16.5,0.7,1
1,44,65.4,-4.8,2.8,-12.9,1
1,45,88.5,18.2,43,27.2,1
1,46,64.3,-6,16.5,0.7,1
1,47,65.2,-5.1,4.3,-11.4,1
1,48,84,13.7,19.2,3.5,0
1,49,76,5.7,12.7,-3.1,1
1,50,68.5,-1.8,16.7,0.9,1
1,51,75.5,5.2,15,-0.8,1
1,52,74.7,4.4,2.5,-13.3,1
1,53,75.8,5.6,20.3,4.6,1
1,54,73.6,3.3,9.4,-6.3,1
1,55,74.5,4.2,3,-12.8,1
1,56,71.9,1.6,10.6,-5.1,1
1,57,74.6,4.3,23,7.2,0
1,58,82.5,12.2,27,11.2,1
1,59,69.5,-0.8,3,-12.8,1
1,60,69.3,-1,7.5,-8.3,1
1,61,70,-0.3,6.7,-9.1,1
1,62,87.1,16.9,10.6,-5.1,0
1,63,74.6,4.4,8.3,-7.5,1
1,64,78.3,8,3.5,-12.3,1
1,65,72.5,2.2,1,-14.8,1
1,66,71.5,1.2,3,-12.8,1
1,67,65.6,-4.6,17.4,1.7,1
1,68,72.2,1.9,3.2,-12.5,1
1,69,83.3,13,28.5,12.7,1
1,70,68.7,-1.5,8,-7.8,1
1,71,70.6,0.4,2.8,-13,1
1,72,72.6,2.3,12.4,-3.3,1
1,73,66.1,-4.1,5.8,-10,1
1,74,64.8,-5.4,19,3.2,1
1,75,69.6,-0.7,7.4,-8.3,1
1,76,77.4,7.1,24.9,9.1,1
1,77,75.3,5,19,3.3,1
1,78,85.4,15.2,30.3,14.5,1
1,79,68.9,-1.4,9,-6.8,1
1,80,65.8,-4.5,12.9,-2.8,1
1,81,84.9,14.7,23,7.3,0
1,82,73.1,2.9,1.3,-14.5,1
1,83,80.8,10.5,24,8.2,1
1,84,72.7,2.5,10.6,-5.2,1
1,85,70.3,0,18.5,2.7,1
1,86,74.6,4.4,20.1,4.4,1
1,87,76.5,6.3,13.5,-2.2,0
1,88,76.3,6.1,16.7,0.9,1
1,89,72,1.7,4,-11.8,1
1,90,60,-10.3,2.3,-13.4,1
1,91,56.7,-13.6,0,-15.8,1
1,92,60.1,-10.1,8.8,-7,1
1,93,74.9,4.6,16,0.2,1
1,94,69.4,-0.9,20.8,5,1
1,95,65.5,-4.8,6.5,-9.3,1
1,96,68.1,-2.2,23.4,7.7,1
1,97,76.4,6.1,29.7,13.9,1
1,98,78.7,8.4,47.8,32,1
1,99,88.3,18.1,34.5,18.8,1
1,100,73.4,3.1,13.9,-1.9,1
1,101,76.3,6.1,11.3,-4.4,0
1,102,77.1,6.8,32.4,16.6,1
2,1,53,-17.3,15,-0.8,1
2,2,70.5,0.2,6,-9.8,1
2,3,60.16666667,-10.1,15.4,-0.4,1
2,4,64.6,-5.7,1,-14.8,1
2,5,69.2,-1.1,9.7,-6.1,1
2,6,69.41176471,-0.9,2.7,-13.1,1
2,7,72.83333333,2.6,3,-12.8,1
2,8,70.75,0.5,6.5,-9.3,1
2,9,70.83333333,0.6,6.3,-9.4,1
2,10,70.25,0,4.8,-10.9,1
2,11,80.77777778,10.5,5.8,-9.9,1
2,12,71.33333333,1.1,11.3,-4.4,1
2,13,79.32989691,9.1,11.2,-4.5,0
2,14,69.61538462,-0.6,1.5,-14.3,1
2,15,75.6,5.3,5.6,-10.2,1
2,16,65.5,-4.8,17.5,1.7,1
2,17,65,-5.3,16.5,0.7,1
2,18,67.375,-2.9,14.8,-1,1
2,19,71.75,1.5,3.5,-12.3,1
2,20,63.94736842,-6.3,16.4,0.6,1
2,21,68.9,-1.4,3.4,-12.4,1
2,22,69.16,-1.1,7,-8.7,1
2,23,72.375,2.1,5.8,-10,1
2,24,70.44444444,0.2,3.2,-12.6,1
2,25,66.41666667,-3.8,9.5,-6.3,1
2,26,68.61538462,-1.6,0.1,-15.7,1
2,27,65.3,-5,10.2,-5.6,1
2,28,66.03305785,-4.2,7.2,-8.5,0
2,29,66,-4.3,6.7,-9.1,1
2,30,73.5,3.2,4.3,-11.4,1
2,31,61.625,-8.6,0.8,-15,1
2,32,60.625,-9.6,1.3,-14.5,1
2,33,64.58333333,-5.7,3.2,-12.6,1
2,34,66.72222222,-3.5,8.1,-7.6,1
2,35,71.33333333,1.1,12.3,-3.4,1
2,36,65.57142857,-4.7,8,-7.8,1
2,37,66.5625,-3.7,3.1,-12.6,1
2,38,66.39130435,-3.9,0.8,-15,1
2,39,62.57142857,-7.7,10.6,-5.2,1
2,40,70.80508475,0.5,3.2,-12.5,1
2,41,72.48888889,2.2,7.6,-8.2,1
2,42,71.125,0.9,7.2,-8.6,1
2,43,68.05,-2.2,3.3,-12.4,1
2,44,67.07692308,-3.2,13.8,-1.9,1
2,45,69.10429448,-1.2,8.9,-6.9,1
2,46,68.25,-2,6.1,-9.7,1
2,47,68.43859649,-1.8,11.8,-3.9,1
2,48,67.92,-2.3,12.7,-3.1,1
2,49,78.96808511,8.7,25.8,10.1,0
2,50,76.71962617,6.5,2.6,-13.2,0
2,51,75.71929825,5.5,5.7,-10.1,0
2,52,78.76,8.5,14.2,-1.6,1
2,53,76.75,6.5,1.1,-14.6,1
2,54,69.84615385,-0.4,0.4,-15.4,1
2,55,75,4.7,0,-15.8,1
2,56,75,4.7,10.7,-5,1
2,57,72.33333333,2.1,5.6,-10.1,1
2,58,71.07563025,0.8,0.6,-15.2,0
2,59,76.05882353,5.8,1.4,-14.4,1
2,60,73,2.7,1,-14.8,1
2,61,66.25,-4,10.5,-5.3,1
2,62,80.06024096,9.8,15.6,-0.2,0
2,63,41,-29.3,34,18.2,1
2,64,48.5,-21.8,49,33.2,1
2,65,68,-2.3,8.3,-7.4,1
2,66,100.5,30.2,35,19.2,1
2,67,75.4375,5.2,10.7,-5.1,1
2,68,74.44736842,4.2,3.1,-12.6,1
2,69,86.7,16.4,20.5,4.7,1
2,70,86.66666667,16.4,0.7,-15.1,1
2,71,82.2745098,12,9.1,-6.6,1
2,72,68.33333333,-1.9,10.3,-5.5,1
2,73,80.91,10.6,6.9,-8.9,1
2,74,78.61111111,8.3,17.4,1.7,1
2,75,77.37569061,7.1,1.1,-14.7,0
2,76,82.9245283,12.7,8.4,-7.4,1
2,77,71.33333333,1.1,0.3,-15.5,1
2,78,85.13333333,14.9,26.8,11,1
2,79,74.5,4.2,1,-14.8,1
2,80,73.42,3.2,17.9,2.2,0
2,81,75.95744681,5.7,7.3,-8.4,1
2,82,78.33333333,8.1,1.2,-14.5,1
2,83,74.64285714,4.4,4,-11.7,1
2,84,76,5.7,0.7,-15.1,1
2,85,72.5,2.2,3.7,-12.1,1
2,86,78.38888889,8.1,7.8,-8,1
3,1,79.56521739,9.3,26.3,10.5,1
3,2,69.81818182,-0.4,13.9,-1.9,1
3,3,70.25,0,30.3,14.6,1
3,4,71.59090909,1.3,19.9,4.2,1
3,5,69.25,-1,7.5,-8.3,1
3,6,69.71428571,-0.5,5.2,-10.6,1
3,7,58,-12.3,21.3,5.5,1
3,8,75.78571429,5.5,6.9,-8.8,1
3,9,68.4,-1.9,6.8,-9,1
3,10,70.13333333,-0.1,7,-8.8,1
3,11,67.71666667,-2.5,8.6,-7.1,0
3,12,60.125,-10.1,0.8,-15,1
3,13,67.72222222,-2.5,0.7,-15,1
3,14,79.23076923,9,20.5,4.8,1
3,15,73.5,3.2,27,11.2,1
3,16,61.41176471,-8.9,16.9,1.1,1
3,17,77.70588235,7.4,16.9,1.1,1
3,18,74.32989691,4.1,13.3,-2.4,0
3,19,85,14.7,13.5,-2.3,1
3,20,62,-8.3,14,-1.8,1
3,21,70.21052632,-0.1,17.5,1.8,1
3,22,66.42553191,-3.8,1.3,-14.5,1
3,23,67.15384615,-3.1,18.8,3,1
3,24,69,-1.3,0.9,-14.8,1
3,25,63.5,-6.8,4,-11.8,1
3,26,75.65,5.4,20.1,4.4,1
3,27,71,0.7,6,-9.8,1
3,28,67.8,-2.5,1.2,-14.6,1
3,29,66.52702703,-3.7,18.6,2.9,1
3,30,74.35897436,4.1,9.8,-6,1
3,31,65.25,-5,0.1,-15.7,1
3,32,70.29787234,0,16.8,1,0
3,33,69.5,-0.8,0.8,-15,1
3,34,63.6875,-6.6,8.6,-7.1,1
3,35,70.31818182,0.1,0.8,-14.9,1
3,36,66.33333333,-3.9,3.9,-11.8,1
3,37,67.2173913,-3,1.4,-14.4,1
3,38,69.45,-0.8,2.9,-12.9,1
3,39,65.4,-4.9,3.2,-12.6,1
3,40,68.5,-1.8,8.2,-7.6,1
3,41,66.83333333,-3.4,0,-15.8,1
3,42,72.59183673,2.3,4.1,-11.7,1
3,43,66.58333333,-3.7,3.2,-12.6,1
3,44,69.76744186,-0.5,4.3,-11.5,1
3,45,59.25,-11,14.4,-1.3,1
3,46,71.74509804,1.5,3.7,-12,0
3,47,60,-10.3,8.1,-7.7,1
3,48,69.7,-0.6,8.2,-7.6,1
3,49,64.1,-6.2,9.8,-6,1
3,50,73.08,2.8,8.9,-6.9,1
3,51,57.19047619,-13.1,21.1,5.3,1
3,52,67.58333333,-2.7,0.2,-15.6,1
3,53,65.66666667,-4.6,7.3,-8.4,1
3,54,72.41666667,2.2,12.8,-2.9,1
3,55,64.775,-5.5,5.3,-10.4,0
3,56,68.65277778,-1.6,5.1,-10.6,0
3,57,67.5,-2.8,14,-1.8,1
3,58,65.31578947,-4.9,11.5,-4.2,1
3,59,67.03448276,-3.2,8.6,-7.1,1
3,60,68,-2.3,11.3,-4.4,1
3,61,72.9,2.6,2.6,-13.2,1
3,62,68.8125,-1.5,4.1,-11.6,1
3,63,64.72727273,-5.5,7.6,-8.1,1
3,64,66.125,-4.1,8.8,-7,1
3,65,67.07407407,-3.2,10.8,-4.9,1
3,66,72.40350877,2.1,7.2,-8.6,0
3,67,70.80952381,0.5,18.9,3.2,1
3,68,72.625,2.4,1.3,-14.5,1
3,69,67.8,-2.5,12,-3.8,1
3,70,74.625,4.4,8.8,-7,1
3,71,74.66666667,4.4,21,5.2,1
3,72,67.75,-2.5,2.8,-13,1
3,73,70.85714286,0.6,4.6,-11.2,1
3,74,70.375,0.1,6.3,-9.5,1
3,75,71.55072464,1.3,4,-11.7,0
3,76,83.8,13.5,12,-3.7,1
3,77,74.76785714,4.5,3.1,-12.7,1
3,78,92.34,22.1,27.3,11.5,1
3,79,81.875,11.6,29.9,14.1,1
3,80,81.8,11.5,18.3,2.6,0
3,81,77.53125,7.3,4.6,-11.1,1
4,1,68.36,-1.9,3.7,-12,1
4,2,51.63636364,-18.6,46.3,30.5,1
4,3,76.19444444,5.9,18,2.3,1
4,4,52.88888889,-17.4,43.3,27.6,1
4,5,46.25,-24,23.5,7.7,1
4,6,65,-5.3,22,6.2,1
4,7,47.375,-22.9,32.3,16.5,1
4,8,79.43478261,9.2,45.9,30.2,0
4,9,53,-17.3,48,32.2,1
4,10,44.66666667,-25.6,31,15.2,1
4,11,63.16666667,-7.1,39,23.2,1
4,12,42.83333333,-27.4,37.7,21.9,1
4,13,51.25,-19,34.5,18.7,1
4,14,50.66666667,-19.6,37.8,22,1
4,15,50.75,-19.5,13.5,-2.3,1
4,16,50.83333333,-19.4,27,11.2,1
4,17,65.29411765,-5,23.8,8.1,1
4,18,61.44444444,-8.8,40.3,24.6,1
4,19,77.6,7.3,16.7,0.9,1
4,20,52.58823529,-17.7,25.9,10.2,1
4,21,69.23357664,-1,34.5,18.8,0
4,22,40.33333333,-29.9,23.5,7.7,1
4,23,74.89583333,4.6,23.1,7.3,1
4,24,62.5,-7.8,13,-2.8,1
4,25,81.87203791,11.6,29.4,13.7,1
4,26,85.41281139,15.1,19.2,3.5,1
4,27,24,-46.3,0,-15.8,1
4,28,53.45238095,-16.8,24.4,8.7,1
4,29,58.11235955,-12.2,38.7,23,0
4,30,63,-7.3,78,62.2,1
4,31,73.08823529,2.8,4.9,-10.9,1
4,32,50.25,-20,30.5,14.7,1
4,33,70.24161074,0,4.4,-11.4,0
4,34,61.55555556,-8.7,23.5,7.7,1
4,35,42.75,-27.5,12.5,-3.3,1
4,36,45,-25.3,22,6.2,1
4,37,37.5,-32.8,27,11.2,1
4,38,56,-14.3,57,41.2,1
4,39,53.5,-16.8,21,5.2,1
4,40,51.25,-19,27.5,11.7,1
4,41,49,-21.3,28,12.2,1
4,42,47,-23.3,27.3,11.6,1
4,43,60,-10.3,32.3,16.6,1
4,44,50.16666667,-20.1,17,1.2,1
4,45,43.83333333,-26.4,39.7,23.9,1
4,46,73.11235955,2.8,23.9,8.2,0
4,47,80.22875817,10,19.2,3.5,0
4,48,62,-8.3,22,6.2,1
4,49,62,-8.3,75,59.2,1
4,50,31,-39.3,14,-1.8,1
4,51,52.5,-17.8,54,38.2,1
4,52,65,-5.3,48.1,32.4,1
4,53,53.88888889,-16.4,33.6,17.8,1
4,54,54.33333333,-15.9,26,10.2,1
4,55,63,-7.3,43.5,27.8,1
4,56,56.7,-13.6,25.8,10,1
4,57,49,-21.3,18,2.2,1
4,58,67.9375,-2.3,48.8,33,1
4,59,51.77777778,-18.5,48.6,32.8,1
4,60,44.68,-25.6,29.8,14,1
4,61,63.25,-7,40.2,24.5,1
4,62,49.8,-20.5,37.6,21.8,1
4,63,40.625,-29.6,33.3,17.5,1
4,64,65.53763441,-4.7,42,26.2,0
4,65,73.5106383,3.2,42.2,26.5,1
4,66,50.25,-20,34.3,18.5,1
4,67,43.25,-27,35.5,19.7,1
4,68,87.6875,17.4,59.3,43.5,1
4,69,50.2,-20.1,45,29.2,1
4,70,52.1,-18.2,31,15.2,1
4,71,50.33333333,-19.9,29.9,14.1,1
4,72,48.7,-21.6,6.6,-9.2,1
4,73,46.14893617,-24.1,32.9,17.2,1
4,74,76.8030303,6.5,52.8,37.1,1
4,75,56.07692308,-14.2,20.6,4.8,1
4,76,86.13953488,15.9,44.3,28.6,1
4,77,87.54032258,17.3,21.8,6.1,0
4,78,70.57407407,0.3,43.4,27.7,1
4,79,63.4375,-6.8,45.6,29.9,1
5,1,64.51304348,-5.8,22.8,7,0
5,2,80.02222222,9.8,31.2,15.5,1
5,3,71,0.7,9.3,-6.4,1
5,4,71,0.7,16,0.2,1
5,5,71.5,1.2,15,-0.8,1
5,6,69.25,-1,23.5,7.7,1
5,7,55.2,-15.1,33,17.2,1
5,8,63.3,-7,26.6,10.8,1
5,9,58.94871795,-11.3,26.6,10.9,1
5,10,70.98214286,0.7,26.4,10.7,0
5,11,79.72727273,9.5,28.3,12.5,1
5,12,63.5,-6.8,21,5.2,1
5,13,69,-1.3,32,16.2,1
5,14,69.49775785,-0.8,14.2,-1.5,0
5,15,63.5,-6.8,24,8.2,1
5,16,62.5,-7.8,25,9.2,1
5,17,64.69230769,-5.6,12.1,-3.6,1
5,18,65.5,-4.8,19,3.2,1
5,19,71.5,1.2,7,-8.8,1
5,20,61.33333333,-8.9,12.7,-3.1,1
5,21,79.87878788,9.6,35,19.2,1
5,22,67.27272727,-3,11.5,-4.2,1
5,23,73.13333333,2.9,29,13.2,1
5,24,67.79245283,-2.5,14.5,-1.3,1
5,25,72.80285714,2.5,19.9,4.1,0
5,26,64.33333333,-5.9,16.7,0.9,1
5,27,65.46153846,-4.8,17.7,2,1
5,28,57.5,-12.8,29,13.2,1
5,29,70.33333333,0.1,33,17.2,1
5,30,55.5,-14.8,34,18.2,1
5,31,66.5,-3.8,17,1.2,1
5,32,62.07142857,-8.2,30.4,14.7,1
5,33,65.85714286,-4.4,33.9,18.1,1
5,34,60.6,-9.7,23.2,7.4,1
5,35,64.51724138,-5.7,27.2,11.5,1
5,36,60.5,-9.8,26.2,10.4,1
5,37,63.1,-7.2,26.6,10.8,1
5,38,60.08333333,-10.2,29.8,14.1,1
5,39,67.25,-3,12.5,-3.3,1
5,40,59.16666667,-11.1,33.7,17.9,1
5,41,59.86111111,-10.4,29.3,13.5,1
5,42,63.11926606,-7.1,8.8,-6.9,0
5,43,76.78846154,6.5,28,12.2,1
5,44,66.61290323,-3.7,18.8,3.1,1
5,45,72.81617647,2.6,23.1,7.3,0
5,46,66.25,-4,16.5,0.7,1
5,47,64,-6.3,28.7,12.9,1
5,48,68.11111111,-2.2,17.4,1.6,1
5,49,67.875,-2.4,16.3,0.5,1
5,50,71.14285714,0.9,27.4,11.7,1
5,51,62.52173913,-7.7,21.2,5.5,1
5,52,70,-0.3,22.5,6.7,1
5,53,62.71428571,-7.5,24.4,8.7,1
5,54,61.23863636,-9,23.4,7.7,1
5,55,73.23076923,3,26.4,10.7,1
5,56,55.17333333,-15.1,13.8,-1.9,0
5,57,71.04545455,0.8,28,12.2,1
5,58,70.38064516,0.1,5.7,-10,0
5,59,67.25,-3,23.5,7.7,1
5,60,77.5,7.2,28,12.2,1
5,61,67,-3.3,2.6,-13.1,1
5,62,78.22439024,8,25.6,9.9,0
5,63,69.8,-0.5,12.8,-2.9,1
5,64,49.5,-20.8,51,35.2,1
5,65,24,-46.3,0,-15.8,1
5,66,67.25,-3,15.5,-0.3,1
5,67,57.5,-12.8,20,4.2,1
5,68,63,-7.3,24,8.2,1
5,69,66.75757576,-3.5,20.5,4.8,1
5,70,62.64,-7.6,7.3,-8.4,1
5,71,69.62162162,-0.6,1.2,-14.6,1
5,72,63,-7.3,41,25.2,1
5,73,69.83333333,-0.4,16.3,0.6,1
5,74,71.375,1.1,17.8,2,1
5,75,67.375,-2.9,6.9,-8.8,1
5,76,68,-2.3,15.3,-0.5,1
5,77,64.26470588,-6,1.6,-14.1,1
5,78,65.88405797,-4.4,1.4,-14.4,1
5,79,71.46666667,1.2,14,-1.8,1
5,80,70.2,-0.1,22.6,6.9,0
5,81,73,2.7,6,-9.8,1
5,82,72.94117647,2.7,6.3,-9.5,1
5,83,62.5,-7.8,25,9.2,1
5,84,75.33333333,5.1,19.4,3.6,1
5,85,65.53488372,-4.7,18.4,2.6,1
5,86,78.88888889,8.6,12.8,-2.9,1
5,87,65.13043478,-5.1,9.5,-6.3,1
5,88,73.31818182,3.1,15.6,-0.2,1
5,89,67.94285714,-2.3,16.4,0.7,1
6,1,59.08333333,-11.2,3.5,-12.3,1
6,2,59.33333333,-10.9,3,-12.8,1
6,3,67.75,-2.5,15.5,-0.3,1
6,4,71.11764706,0.9,9.4,-6.3,1
6,5,70.10714286,-0.2,3.8,-11.9,1
6,6,70.8,0.5,6.3,-9.4,1
6,7,67.5,-2.8,6.5,-9.3,1
6,8,69.16666667,-1.1,2.3,-13.4,1
6,9,70.19047619,-0.1,0.3,-15.4,1
6,10,71.23333333,1,7.7,-8.1,1
6,11,67.5,-2.8,6.3,-9.4,1
6,12,71.6,1.3,3.5,-12.3,1
6,13,74.45454545,4.2,3.5,-12.3,1
6,14,72.09565217,1.8,21,5.2,0
6,15,78.63076923,8.4,15.3,-0.5,1
6,16,78.1875,7.9,18.6,2.9,1
6,17,73.70833333,3.4,2.4,-13.3,1
6,18,81.44117647,11.2,22.2,6.5,1
6,19,77.67142857,7.4,2.4,-13.3,1
6,20,77.93103448,7.7,9.8,-6,1
6,21,75.4765625,5.2,8.9,-6.9,1
6,22,77.08730159,6.8,13.7,-2.1,1
6,23,72.60544218,2.3,1.4,-14.4,0
6,24,78.88235294,8.6,19.7,4,1
6,25,76.5625,6.3,7.1,-8.6,1
6,26,72.12048193,1.9,0.7,-15,1
6,27,66.125,-4.1,5.9,-9.8,1
6,28,74.09090909,3.8,3.8,-11.9,1
6,29,70.12765957,-0.1,14.8,-1,1
6,30,74.56451613,4.3,15.8,0,1
6,31,73.37903226,3.1,17.2,1.5,0
6,32,78.625,8.4,17,1.2,1
6,33,74.30701754,4,2.4,-13.4,1
6,34,69.82352941,-0.4,15.9,0.1,1
6,35,68.16666667,-2.1,8.3,-7.4,1
6,36,72.7810219,2.5,11.5,-4.2,0
6,37,80.66666667,10.4,32.5,16.7,1
6,38,68.75,-1.5,16.2,0.4,1
6,39,72.62857143,2.4,1.5,-14.3,0
6,40,70.5,0.2,5,-10.8,1
6,41,88,17.7,60,44.2,1
6,42,86.9,16.6,6.2,-9.6,1
6,43,64,-6.3,0.7,-15.1,1
6,44,74.5,4.2,11,-4.8,1
6,45,73.625,3.4,5.5,-10.3,1
6,46,72,1.7,6.8,-9,1
6,47,73.7,3.4,8.4,-7.4,1
6,48,76.2,5.9,12,-3.8,1
6,49,77.96396396,7.7,4.9,-10.8,0
6,50,74.5,4.2,25,9.2,1
6,51,77.25,7,19.5,3.7,1
6,52,77.42857143,7.2,11.5,-4.3,1
6,53,47.5,-22.8,47,31.2,1
6,54,74,3.7,6.7,-9.1,1
6,55,78.66666667,8.4,12.7,-3.1,1
6,56,70.58333333,0.3,3.8,-11.9,1
6,57,77.125,6.9,18.3,2.5,1
6,58,70.16666667,-0.1,5.7,-10.1,1
6,59,75.6,5.3,18.3,2.5,1
6,60,68.75,-1.5,18.3,2.6,1
6,61,68.83333333,-1.4,3.7,-12.1,1
6,62,74.16504854,3.9,3.9,-11.9,1
6,63,78.06976744,7.8,4.4,-11.3,1
6,64,74.61111111,4.3,5.6,-10.2,1
6,65,72.625,2.4,7.8,-8,1
6,66,72.06818182,1.8,4.9,-10.9,1
6,67,79.20869565,8.9,2.8,-12.9,1
6,68,68.61016949,-1.7,13.6,-2.1,0
6,69,69.82051282,-0.4,12.7,-3.1,1
6,70,74.49122807,4.2,0.2,-15.5,1
6,71,80.20833333,9.9,8.5,-7.3,1
6,72,75.1,4.8,6.2,-9.6,1
6,73,71.63636364,1.4,9.6,-6.2,1
6,74,77.98809524,7.7,12.3,-3.4,0
6,75,74.78125,4.5,10.9,-4.9,1
6,76,68.4,-1.9,0.2,-15.6,1
6,77,78.4,8.1,21.1,5.3,1
6,78,62.83333333,-7.4,0.3,-15.4,1
6,79,75.66666667,5.4,6.2,-9.6,1
6,80,57.5,-12.8,1,-14.8,1
6,81,78.2,7.9,19.5,3.7,1
6,82,67.52777778,-2.7,4.9,-10.9,1
6,83,78.9,8.6,5,-10.8,1
6,84,70.64864865,0.4,5.5,-10.3,1
6,85,80.8125,10.5,7,-8.7,1
6,86,73.56410256,3.3,6.8,-9,1
6,87,82.44,12.2,7.8,-7.9,1
6,88,70.3,0,7.6,-8.2,1
6,89,75.13736264,4.9,1.3,-14.4,0
6,90,72.33333333,2.1,3,-12.7,1
6,91,75.88888889,5.6,17.6,1.9,1
6,92,80.07142857,9.8,13.2,-2.5,1
6,93,66.47826087,-3.8,1.6,-14.2,1
6,94,73.25,3,6.3,-9.5,1
7,1,63.08695652,-7.2,42.8,27.1,1
7,2,74,3.7,4.8,-11,1
7,3,62.85714286,-7.4,45.3,29.6,1
7,4,71,0.7,13.5,-2.3,1
7,5,69.46666667,-0.8,15.7,-0.1,1
7,6,74.39393939,4.1,2.1,-13.7,1
7,7,77.875,7.6,17.7,1.9,1
7,8,65.2,-5.1,12.2,-3.6,1
7,9,74.5,4.2,8.7,-7.1,1
7,10,62.11627907,-8.1,23.4,7.7,1
7,11,69.65517241,-0.6,12.1,-3.7,1
7,12,73.872,3.6,10.9,-4.9,0
7,13,65,-5.3,12,-3.8,1
7,14,78.45412844,8.2,0.8,-14.9,1
7,15,79.61111111,9.3,1.1,-14.6,1
7,16,73.5,3.2,3.3,-12.4,1
7,17,73.91549296,3.7,14.5,-1.2,1
7,18,69.14285714,-1.1,13.1,-2.7,0
7,19,64.33333333,-5.9,2,-13.8,1
7,20,76.07407407,5.8,7.4,-8.3,1
7,21,68.5,-1.8,8.7,-7.1,1
7,22,80.71028037,10.4,23.3,7.6,1
7,23,81.74825175,11.5,14.8,-1,0
7,24,76.36363636,6.1,11,-4.7,1
7,25,66.66666667,-3.6,8,-7.8,1
7,26,62,-8.3,25.5,9.7,1
7,27,68.92307692,-1.3,29.5,13.7,1
7,28,73.63636364,3.4,31.3,15.6,1
7,29,61.33333333,-8.9,13.8,-2,1
7,30,70.46153846,0.2,18.4,2.6,1
7,31,65.66666667,-4.6,15.5,-0.3,1
7,32,67.33333333,-2.9,14.5,-1.3,1
7,33,76.46621622,6.2,6.3,-9.4,0
7,34,72.66666667,2.4,28.7,13,1
7,35,84.13333333,13.9,45.7,30,1
7,36,76.48484848,6.2,29.4,13.7,1
7,37,83.93513514,13.7,8.7,-7,0
7,38,71.5,1.2,9,-6.8,1
7,39,84.16666667,13.9,25.8,10,1
7,40,76,5.7,37.5,21.7,1
7,41,73,2.7,7.5,-8.3,1
7,42,60.5,-9.8,17,1.2,1
7,43,79.47297297,9.2,9,-6.7,1
7,44,79,8.7,3.8,-12,1
7,45,81.25490196,11,22,6.3,1
7,46,83.10309278,12.8,16,0.2,1
7,47,74.95,4.7,7.3,-8.5,1
7,48,81.72018349,11.5,9,-6.8,0
7,49,93,22.7,45.6,29.9,1
7,50,69.36842105,-0.9,1.9,-13.8,1
7,51,84.05555556,13.8,29.8,14.1,1
7,52,96.20689655,25.9,9.4,-6.3,1
7,53,92.42857143,22.2,32.8,17.1,1
7,54,82.53333333,12.3,3.7,-12.1,1
7,55,73.375,3.1,6.5,-9.3,1
7,56,89.07281553,18.8,8.1,-7.7,1
7,57,89.34319527,19.1,16,0.2,1
7,58,86.39393939,16.1,15,-0.7,1
7,59,84.66666667,14.4,1.2,-14.6,1
7,60,91.06020067,20.8,1.5,-14.2,0
7,61,77.42857143,7.2,2.8,-12.9,1
7,62,86.04845815,15.8,0.6,-15.1,0
7,63,90.64646465,20.4,1.1,-14.6,1
7,64,74.44444444,4.2,19.7,3.9,1
7,65,84.54545455,14.3,25.4,9.6,1
7,66,73,2.7,3.3,-12.4,1
7,67,67,-3.3,12,-3.8,1
7,68,84.56910569,14.3,15.2,-0.5,1
7,69,61.66666667,-8.6,19.3,3.5,1
7,70,89.54330709,19.3,9.4,-6.3,1
7,71,84.28387097,14,1.8,-13.9,0
7,72,65.625,-4.6,14.8,-0.9,1
7,73,41.33333333,-28.9,52,36.2,1
7,74,81.06504065,10.8,6.3,-9.5,1
7,75,73.44444444,3.2,2.2,-13.6,1
7,76,85,14.7,21.3,5.5,1
7,77,71.5,1.2,16,0.2,1
7,78,76.84210526,6.6,11.7,-4,1
7,79,73.66666667,3.4,1,-14.8,1
7,80,81.99038462,11.7,14.7,-1.1,0
7,81,69.5,-0.8,17,1.2,1
7,82,86.75862069,16.5,1.7,-14.1,1
7,83,62,-8.3,33,17.2,1
7,84,68.66666667,-1.6,8,-7.8,1
7,85,77.29411765,7,2.7,-13.1,1
8,1,63.33333333,-6.9,1.8,-14,1
8,2,62.66666667,-7.6,9.5,-6.3,1
8,3,63.66666667,-6.6,48.5,32.7,1
8,4,62.8,-7.5,26.2,10.4,1
8,5,54.25,-16,38.5,22.7,1
8,6,58.9047619,-11.4,9.8,-5.9,1
8,7,62.32142857,-7.9,14.8,-1,1
8,8,73.6,3.3,13.2,-2.6,1
8,9,72.28865979,2,3.2,-12.5,0
8,10,79,8.7,2,-13.8,1
8,11,85.75,15.5,23.5,7.7,1
8,12,72.44444444,2.2,10.5,-5.3,1
8,13,76.5,6.2,1,-14.8,1
8,14,69.07142857,-1.2,15.3,-0.5,1
8,15,68.25,-2,9.8,-5.9,1
8,16,69.14285714,-1.1,13.1,-2.7,1
8,17,65.58333333,-4.7,13.8,-1.9,1
8,18,67.90909091,-2.4,5.6,-10.1,0
8,19,63.61538462,-6.6,12.1,-3.6,1
8,20,66.07142857,-4.2,8.6,-7.2,1
8,21,59.8,-10.5,15.5,-0.3,1
8,22,65.16666667,-5.1,7.8,-8,1
8,23,60.82142857,-9.4,9,-6.8,1
8,24,67.25,-3,0.8,-14.9,1
8,25,67.85714286,-2.4,9.3,-6.5,1
8,26,60.44444444,-9.8,31.4,15.6,1
8,27,69.55384615,-0.7,1,-14.7,0
8,28,73.6,3.3,3.5,-12.3,1
8,29,62.67741935,-7.6,10.3,-5.4,1
8,30,78.14285714,7.9,16.7,0.9,1
8,31,76.69230769,6.4,12.8,-3,1
8,32,65.33333333,-4.9,11,-4.8,1
8,33,70.47368421,0.2,5.1,-10.7,1
8,34,69.47058824,-0.8,7.7,-8.1,1
8,35,63.66666667,-6.6,9.3,-6.5,1
8,36,71.16666667,0.9,9,-6.8,1
8,37,66.14285714,-4.1,10.9,-4.9,0
8,38,70.16455696,-0.1,0.2,-15.6,0
8,39,67.5,-2.8,6,-9.8,1
8,40,70,-0.3,4.9,-10.8,1
8,41,64.75,-5.5,0.5,-15.3,1
8,42,69.83333333,-0.4,5.3,-10.5,0
8,43,58.75,-11.5,7.5,-8.3,1
8,44,67.41666667,-2.8,10.3,-5.4,1
8,45,65,-5.3,4,-11.8,1
8,46,64.09589041,-6.2,0.4,-15.4,0
8,47,78,7.7,28.7,12.9,1
8,48,60.83333333,-9.4,17.5,1.7,1
8,49,63.66666667,-6.6,8.5,-7.3,1
8,50,53.83333333,-16.4,25.7,9.9,1
8,51,60,-10.3,7,-8.8,1
8,52,64.85714286,-5.4,6.6,-9.2,1
8,53,75,4.7,12.5,-3.3,1
8,54,69.48648649,-0.8,10.7,-5,0
8,55,69.15,-1.1,1.8,-13.9,1
8,56,73.25,3,5.5,-10.3,1
8,57,58,-12.3,16,0.2,1
8,58,62.25,-8,3.5,-12.3,1
8,59,60.33333333,-9.9,7.3,-8.4,1
8,60,65.66666667,-4.6,1.3,-14.4,1
8,61,60.66666667,-9.6,16.7,0.9,1
8,62,62.16666667,-8.1,14.3,-1.4,1
8,63,70.64705882,0.4,2,-13.8,0
8,64,66.36363636,-3.9,2.2,-13.6,1
8,65,62.85714286,-7.4,10.7,-5.1,1
8,66,76,5.7,5.8,-9.9,1
8,67,76.375,6.1,14.8,-1,1
8,68,76.13846154,5.9,4,-11.7,0
8,69,79.5,9.2,11,-4.8,1
8,70,71.5,1.2,7,-8.8,1
8,71,70,-0.3,6,-9.8,1
8,72,70.76666667,0.5,5.9,-9.9,0
8,73,71,0.7,2,-13.8,1
8,74,66.5,-3.8,1,-14.8,1
8,75,72.5,2.2,3,-12.8,1
8,76,54.5,-15.8,11,-4.8,1
8,77,69,-1.3,2,-13.8,1
8,78,69.5,-0.8,12,-3.8,1
8,79,65.75,-4.5,4.5,-11.3,1
8,80,68.75,-1.5,2.5,-13.3,1
8,81,71.73684211,1.5,0.1,-15.7,1
8,82,62.88888889,-7.4,4.7,-11.1,1
8,83,63,-7.3,13,-2.8,1
8,84,58.875,-11.4,13.8,-2,1
8,85,63.5,-6.8,2.2,-13.6,1
8,86,67.97222222,-2.3,3.3,-12.5,1
8,87,70.24324324,0,2.2,-13.6,1
8,88,73,2.7,4,-11.7,1
9,1,90.72222222,20.5,13,-2.7,1
9,2,92.58333333,22.3,28.8,13.1,1
9,3,72,1.7,10,-5.8,1
9,4,81.25,11,14.5,-1.3,1
9,5,86.25,16,25.5,9.7,1
9,6,91,20.7,27.5,11.7,1
9,7,89.15909091,18.9,25.1,9.4,0
9,8,55.5,-14.8,47,31.2,1
9,9,104,33.7,4,-11.8,1
9,10,74.33333333,4.1,0.5,-15.3,1
9,11,82,11.7,17,1.2,1
9,12,92,21.7,14,-1.8,1
9,13,72.5,2.2,1,-14.8,1
9,14,85,14.7,31,15.2,1
9,15,81.66666667,11.4,32.5,16.7,1
9,16,88.33333333,18.1,41,25.2,1
9,17,87.09090909,16.8,24.8,9,1
9,18,85.78571429,15.5,9,-6.8,1
9,19,84.14285714,13.9,16.3,0.5,1
9,20,95.5,25.2,22,6.2,1
9,21,86.41666667,16.2,21.9,6.2,1
9,22,82.375,12.1,31.9,16.2,1
9,23,93.7,23.4,28.3,12.5,1
9,24,86.61403509,16.4,9.5,-6.2,1
9,25,98.95818815,28.7,34,18.2,0
9,26,77,6.7,22,6.2,1
9,27,61.5,-8.8,15,-0.8,1
9,28,81,10.7,30,14.2,1
9,29,88.16763006,17.9,10.4,-5.3,0
9,30,80.5,10.2,34,18.2,1
9,31,71,0.7,4,-11.8,1
9,32,81.16666667,10.9,16.3,0.6,1
9,33,84,13.7,16.7,0.9,1
9,34,92.33333333,22.1,27.3,11.6,1
9,35,80.33333333,10.1,26.7,10.9,1
9,36,83.675,13.4,24.4,8.6,0
9,37,88.28571429,18,31.3,15.5,1
9,38,67.8,-2.5,3.7,-12.1,1
9,39,92.36842105,22.1,9.8,-6,1
9,40,76,5.7,23,7.2,1
9,41,87.89655172,17.6,26,10.3,1
9,42,78.21428571,8,3.9,-11.9,1
9,43,90.46067416,20.2,33.1,17.4,0
9,44,82,11.7,21,5.2,1
9,45,78.8,8.5,24.7,8.9,1
9,46,71.2,0.9,6.3,-9.4,1
9,47,76.66666667,6.4,4,-11.8,1
9,48,86.38983051,16.1,14.5,-1.2,1
9,49,81.3,11,31.8,16,1
9,50,90.91666667,20.7,27.7,11.9,1
9,51,87.51666667,17.3,34.9,19.1,1
9,52,75.375,5.1,4.1,-11.7,1
9,53,83.31343284,13,26.8,11,1
9,54,79.77777778,9.5,22.5,6.7,1
9,55,87.80769231,17.5,28.4,12.6,0
9,56,81.33333333,11.1,4.6,-11.2,1
9,57,80.81818182,10.6,37.8,22,1
9,58,68.5,-1.8,21,5.2,1
9,59,88.20253165,17.9,20,4.2,1
9,60,62,-8.3,12,-3.8,1
9,61,83.2,12.9,21.2,5.5,1
9,62,87.92622951,17.7,19.5,3.7,1
9,63,85.16666667,14.9,43,27.2,1
9,64,71.04166667,0.8,8.3,-7.4,1
9,65,82.625,12.4,19.7,3.9,1
9,66,80.05479452,9.8,1.3,-14.5,1
9,67,91.02202643,20.8,21.5,5.7,0
9,68,76.875,6.6,3.8,-11.9,1
9,69,68.33333333,-1.9,26,10.2,1
9,70,84.75384615,14.5,2,-13.7,0
9,71,67,-3.3,10,-5.8,1
9,72,48.5,-21.8,49,33.2,1
9,73,86.75,16.5,35.5,19.7,1
9,74,69.5,-0.8,20,4.2,1
9,75,84.53571429,14.3,26.6,10.8,1
9,76,97.29411765,27,9.5,-6.3,1
9,77,103,32.7,20,4.2,1
9,78,58.6,-11.7,13.2,-2.6,1
9,79,76.2,5.9,1.2,-14.6,1
9,80,78.28571429,8,17.2,1.4,1
9,81,80.6,10.3,22,6.2,1
9,82,79.18604651,8.9,14.1,-1.7,1
9,83,74.125,3.9,8.2,-7.6,1
9,84,90.54666667,20.3,27,11.3,1
9,85,80.83333333,10.6,11.4,-4.4,0
9,86,89.86792453,19.6,32.9,17.2,1
9,87,76.3,6,18.2,2.4,1
10,1,74.5,4.2,43.3,27.6,1
10,2,59.625,-10.6,6.8,-9,1
10,3,60,-10.3,20,4.2,1
10,4,37.5,-32.8,27,11.2,1
10,5,50,-20.3,9,-6.8,1
10,6,62.43661972,-7.8,10,-5.8,0
10,7,58,-12.3,0,-15.8,1
10,8,53,-17.3,4,-11.8,1
10,9,57.5,-12.8,7,-8.8,1
10,10,56,-14.3,10,-5.8,1
10,11,56,-14.3,10,-5.8,1
10,12,51.45,-18.8,26.7,10.9,1
10,13,58.49090909,-11.8,20.2,4.4,1
10,14,51.25,-19,14.5,-1.3,1
10,15,59.58490566,-10.7,5.6,-10.2,0
10,16,48.5,-21.8,49,33.2,1
10,17,45,-25.3,22,6.2,1
10,18,47,-23.3,0,-15.8,1
10,19,55.47619048,-14.8,17.1,1.4,1
10,20,49.25,-21,14.5,-1.3,1
10,21,48.75,-21.5,17.5,1.7,1
10,22,57.66666667,-12.6,38.5,22.7,1
10,23,57.75,-12.5,22.5,6.7,1
10,24,55.11111111,-15.2,16.4,0.6,1
10,25,50,-20.3,19,3.2,1
10,26,50.58823529,-19.7,22.4,6.6,1
10,27,55.58333333,-14.7,16.2,0.4,1
10,28,57.59090909,-12.7,12.7,-3.1,1
10,29,59.04705882,-11.2,17.8,2.1,0
10,30,53.625,-16.6,0.8,-15,1
10,31,59.78571429,-10.5,1.3,-14.5,1
10,32,62.5,-7.8,3,-12.8,1
10,33,56.375,-13.9,12.8,-3,1
10,34,65.83333333,-4.4,2.3,-13.4,1
10,35,66.16666667,-4.1,21.7,5.9,1
10,36,62.33333333,-7.9,1.3,-14.4,1
10,37,58.83333333,-11.4,1,-14.8,1
10,38,68,-2.3,0,-15.8,1
10,39,63.41176471,-6.9,1.8,-13.9,1
10,40,65.125,-5.1,8.3,-7.5,1
10,41,63.25,-7,0,-15.8,1
10,42,66.88311688,-3.4,11,-4.8,0
10,43,72.39130435,2.1,2,-13.7,1
10,44,67.13636364,-3.1,11.2,-4.6,1
10,45,62.75,-7.5,15.3,-0.5,1
10,46,66.69230769,-3.6,5.5,-10.3,1
10,47,69.95,-0.3,2.9,-12.9,1
10,48,67.5,-2.8,1.8,-14,1
10,49,66.52,-3.7,1.9,-13.9,1
10,50,66.0617284,-4.2,10.1,-5.6,1
10,51,63.85365854,-6.4,2.1,-13.6,1
10,52,63.94690265,-6.3,19.3,3.6,0
10,53,64.16666667,-6.1,9,-6.8,1
10,54,65.4375,-4.8,8.9,-6.8,1
10,55,64.81818182,-5.4,10.2,-5.6,1
10,56,63.91666667,-6.3,12.8,-2.9,1
10,57,69.6875,-0.6,2.6,-13.1,1
10,58,63.1875,-7.1,15.6,-0.1,1
10,59,65.17567568,-5.1,8.8,-7,1
10,60,60.24137931,-10,13.6,-2.2,1
10,61,65.21428571,-5,2.1,-13.7,1
10,62,66.46728972,-3.8,9.6,-6.2,0
10,63,63.27868852,-7,7.3,-8.4,1
10,64,63.40625,-6.9,8.3,-7.5,1
10,65,63.125,-7.1,8.8,-7,1
10,66,64.47058824,-5.8,3.6,-12.2,1
10,67,60.875,-9.4,10.5,-5.3,1
10,68,68.60714286,-1.7,1.5,-14.3,1
10,69,58.94642857,-11.3,8.9,-6.9,1
10,70,62.61702128,-7.6,6.6,-9.2,1
10,71,28.71428571,-41.5,6.6,-9.2,1
10,72,59.67605634,-10.6,13.7,-2.1,1
10,73,60.16981132,-10.1,15,-0.8,1
10,74,65.3245614,-4.9,14.2,-1.6,0
10,75,63.66666667,-6.6,12.7,-3.1,1
10,76,59.9,-10.4,0.3,-15.5,1
10,77,69.42276423,-0.8,1.7,-14,0
10,78,58.25,-12,10.5,-5.3,1
10,79,68.66666667,-1.6,8,-7.8,1
10,80,48.75,-21.5,15.5,-0.3,1
10,81,55.5,-14.8,16,0.2,1
10,82,66,-4.3,5,-10.8,1
10,83,55,-15.3,14,-1.8,1
10,84,55.71428571,-14.5,8.7,-7.1,1
10,85,52.66666667,-17.6,26.3,10.6,1
10,86,65.49019608,-4.8,7,-8.8,1
10,87,55.77777778,-14.5,12.7,-3.1,1
10,88,65.42857143,-4.8,13.5,-2.2,1
10,89,67.64285714,-2.6,4.6,-11.1,1
10,90,65.78947368,-4.5,13.7,-2.1,1
10,91,61.09803922,-9.2,17.7,1.9,1
10,92,61.98214286,-8.3,5.7,-10,0
10,93,64.35294118,-5.9,12.1,-3.7,1
10,94,60.66666667,-9.6,5.2,-10.6,1
11,1,62.83333333,-7.4,20.3,4.6,1
11,2,67.4,-2.9,9,-6.8,1
11,3,69.17391304,-1.1,6.6,-9.1,1
11,4,61.5,-8.8,1,-14.8,1
11,5,60.21153846,-10.1,9.6,-6.2,0
11,6,62.75,-7.5,9.5,-6.3,1
11,7,48,-22.3,48,32.2,1
11,8,57,-13.3,25,9.2,1
11,9,73.5,3.2,3,-12.8,1
11,10,43.5,-26.8,39,23.2,1
11,11,75.14285714,4.9,7.3,-8.4,1
11,12,67.5,-2.8,9,-6.8,1
11,13,76.16666667,5.9,7.7,-8.1,1
11,14,63.13793103,-7.1,0.4,-15.3,1
11,15,71.33333333,1.1,12.7,-3.1,1
11,16,66.17647059,-4.1,1.2,-14.6,0
11,17,74.5,4.2,71,55.2,1
11,18,65,-5.3,22,6.2,1
11,19,71.66666667,1.4,5.5,-10.3,1
11,20,50.5,-19.8,7,-8.8,1
11,21,49.5,-20.8,45,29.2,1
11,22,58,-12.3,32,16.2,1
11,23,64.45833333,-5.8,13.3,-2.4,0
11,24,50,-20.3,52,36.2,1
11,25,42,-28.3,36,20.2,1
11,26,66.5,-3.8,7,-8.8,1
11,27,38.75,-31.5,7.5,-8.3,1
11,28,63.25,-7,3.5,-12.3,1
11,29,52.04545455,-18.2,17.5,1.7,0
11,30,55.5,-14.8,37,21.2,1
11,31,63,-7.3,12,-3.8,1
11,32,50.5,-19.8,3,-12.8,1
11,33,53.5,-16.8,31,15.2,1
11,34,57.41666667,-12.8,18.9,3.1,1
11,35,56.5,-13.8,14,-1.8,1
11,36,66.66666667,-3.6,30,14.2,1
11,37,55.5,-14.8,14,-1.8,1
11,38,59.29268293,-11,14.4,-1.4,0
11,39,74,3.7,0,-15.8,1
11,40,62,-8.3,8,-7.8,1
11,41,64.75,-5.5,0.5,-15.3,1
11,42,64.04347826,-6.2,2.9,-12.8,0
11,43,69,-1.3,2,-13.8,1
11,44,69,-1.3,2,-13.8,1
11,45,66.5,-3.8,7,-8.8,1
11,46,55.5,-14.8,20,4.2,1
11,47,59.75,-10.5,12,-3.8,1
11,48,62.85416667,-7.4,11.4,-4.4,0
11,49,69.5,-0.8,13,-2.8,1
11,50,70.25,0,2.5,-13.3,1
11,51,47,-23.3,46,30.2,1
11,52,56.66666667,-13.6,24.7,8.9,1
11,53,65.83333333,-4.4,4.3,-11.4,1
11,54,59.625,-10.6,9.8,-6,1
11,55,59.75,-10.5,12.5,-3.3,1
11,56,69.5,-0.8,5,-10.8,1
11,57,65.625,-4.6,5.8,-10,1
11,58,61.76923077,-8.5,0.2,-15.5,0
11,59,73.75,3.5,1.5,-14.3,1
11,60,78,7.7,56,40.2,1
11,61,76.17647059,5.9,8.5,-7.3,0
11,62,70,-0.3,2,-13.8,1
11,63,95,24.7,46,30.2,1
11,64,77.5,7.2,25,9.2,1
11,65,70.95652174,0.7,20.5,4.7,1
11,66,70.33333333,0.1,2.8,-13,1
11,67,71.8,1.5,10.9,-4.8,1
11,68,69,-1.3,11,-4.8,1
11,69,68.0754717,-2.2,12.9,-2.9,1
11,70,64.42857143,-5.8,3.4,-12.4,1
11,71,61.55555556,-8.7,10.2,-5.5,0
11,72,47.75,-22.5,2.5,-13.3,1
11,73,61.66666667,-8.6,14.3,-1.5,1
11,74,63.54166667,-6.7,2.5,-13.3,0
11,75,70.5,0.2,5,-10.8,1
11,76,70.5,0.2,5,-10.8,1
11,77,62,-8.3,8,-7.8,1
11,78,60.5,-9.8,23,7.2,1
11,79,69,-1.3,2,-13.8,1
11,80,61.33333333,-8.9,5.7,-10.1,1
11,81,68.25,-2,0.5,-15.3,1
11,82,61.25,-9,3.5,-12.3,1
11,83,67.25,-3,9.7,-6.1,1
11,84,44,-26.3,34,18.2,1
11,85,67.75,-2.5,5.5,-10.3,1
11,86,71.25,1,10.5,-5.3,1
11,87,64.32786885,-5.9,1.2,-14.5,0
11,88,60.5625,-9.7,11.4,-4.4,1
11,89,59.4,-10.9,6.8,-9,1
11,90,65,-5.3,2,-13.8,1
11,91,49.16666667,-21.1,13,-2.8,1
11,92,60.42857143,-9.8,4.8,-11,1
11,93,60.71014493,-9.6,7.3,-8.4,0
11,94,55.75,-14.5,16,0.2,1
11,95,63.5,-6.8,6,-9.8,1
11,96,66.58333333,-3.7,47.3,31.5,1
11,97,55.5,-14.8,37,21.2,1
11,98,67.7,-2.6,4.2,-11.6,1
11,99,57.75,-12.5,3.7,-12.1,1
11,100,60,-10.3,14.4,-1.3,1
11,101,68.12941176,-2.1,2,-13.7,0
11,102,57.75,-12.5,16.5,0.7,1
11,103,59.25,-11,23.5,7.7,1
11,104,59.75,-10.5,22.5,6.7,1
12,1,47,-23.3,26,10.2,1
12,2,59,-11.3,2,-13.8,1
12,3,53.5,-16.8,19,3.2,1
12,4,42,-28.3,36,20.2,1
12,5,51.75,-18.5,15,-0.8,1
12,6,60.5,-9.8,2,-13.8,1
12,7,50.25,-20,27.5,11.7,1
12,8,55,-15.3,0.9,-14.9,1
12,9,51.5,-18.8,18.3,2.6,1
12,10,50.5,-19.8,3,-12.8,1
12,11,62.16666667,-8.1,1,-14.8,1
12,12,53.5,-16.8,16.3,0.6,1
12,13,49.75,-20.5,6.5,-9.3,1
12,14,56.125,-14.1,14.3,-1.5,1
12,15,46.125,-24.1,7.3,-8.5,1
12,16,57.625,-12.6,9.3,-6.5,1
12,17,62.9,-7.4,7.4,-8.4,1
12,18,53.3,-17,9,-6.8,1
12,19,57.14705882,-13.1,0.5,-15.2,1
12,20,61.1,-9.2,10.2,-5.6,1
12,21,59.16216216,-11.1,11.3,-4.4,0
12,22,47.66666667,-22.6,21.3,5.5,1
12,23,54.2244898,-16,10.3,-5.5,0
12,24,56.35294118,-13.9,29.2,13.5,1
12,25,69.75,-0.5,19.7,3.9,1
12,26,52.9,-17.4,8.9,-6.8,1
12,27,46,-24.3,16.5,0.7,1
12,28,57.67164179,-12.6,20.1,4.3,1
12,29,57.75,-12.5,11,-4.8,1
12,30,63.38888889,-6.9,2.8,-13,1
12,31,54.11111111,-16.2,9,-6.8,1
12,32,52.25925926,-18,1.8,-13.9,1
12,33,49.16666667,-21.1,7,-8.8,1
12,34,66.1682243,-4.1,7.6,-8.1,0
12,35,50.66666667,-19.6,5.3,-10.4,1
12,36,82.66666667,12.4,29.3,13.6,1
12,37,55.16666667,-15.1,9,-6.8,1
12,38,57,-13.3,5.3,-10.4,1
12,39,56.05555556,-14.2,14.6,-1.2,1
12,40,51.125,-19.1,15.8,0,1
12,41,54.25,-16,5.5,-10.3,1
12,42,59.125,-11.1,1.8,-14,1
12,43,67.625,-2.6,2.9,-12.8,1
12,44,62.6,-7.7,4.8,-11,1
12,45,65.1875,-5.1,2.6,-13.1,1
12,46,60.33333333,-9.9,2.3,-13.4,1
12,47,61.07142857,-9.2,2.4,-13.3,1
12,48,68.15625,-2.1,1.8,-13.9,1
12,49,66.61111111,-3.7,4.7,-11.1,1
12,50,67.91666667,-2.3,13.5,-2.3,1
12,51,66.91176471,-3.4,20.8,5,1
12,52,64.65517241,-5.6,7.7,-8,1
12,53,69.88888889,-0.4,33.4,17.6,1
12,54,67.2972973,-3,1.6,-14.1,1
12,55,72.2962963,2,7.3,-8.4,1
12,56,61.27692308,-9,6.6,-9.2,0
12,57,53,-17.3,25.8,10.1,1
12,58,68.88888889,-1.4,7.8,-8,1
12,59,65.21428571,-5,44.4,28.6,1
12,60,71.29166667,1,21,5.3,1
12,61,65.41666667,-4.8,10.3,-5.4,1
12,62,62.05,-8.2,1,-14.8,1
12,63,74.76315789,4.5,8.3,-7.4,1
12,64,69.35185185,-0.9,0.5,-15.3,0
12,65,59.81818182,-10.4,8.9,-6.8,1
12,66,65.95789474,-4.3,5.5,-10.3,0
12,67,54,-16.3,32.6,16.9,1
12,68,55.375,-14.9,4.9,-10.9,1
12,69,67.6,-2.7,26.2,10.5,1
12,70,55.4,-14.9,20.2,4.4,1
12,71,71.68292683,1.4,6.4,-9.4,0
12,72,65.66666667,-4.6,0,-15.8,1
12,73,56.625,-13.6,3.8,-12,1
12,74,72.375,2.1,7.3,-8.5,1
12,75,64,-6.3,6,-9.8,1
12,76,62.54929577,-7.7,11.5,-4.3,0
12,77,57.5,-12.8,8,-7.8,1
12,78,39.5,-30.8,31,15.2,1
12,79,24,-46.3,0,-15.8,1
12,80,59.59259259,-10.7,18.3,2.6,1
12,81,64.66666667,-5.6,8.8,-7,1
12,82,54.5,-15.8,40.7,24.9,1
12,83,62.80487805,-7.5,17.5,1.8,1
12,84,61.875,-8.4,12.6,-3.2,1
12,85,62.16666667,-8.1,57.3,41.5,1
12,86,52.72727273,-17.5,9.9,-5.9,1
12,87,62.74074074,-7.5,29.6,13.9,1
12,88,60.49019608,-9.8,2.6,-13.2,1
12,89,53.54098361,-16.7,2,-13.7,0
12,90,46.16666667,-24.1,33.3,17.5,1
12,91,68.1,-2.2,18.6,2.8,1
12,92,57.33333333,-12.9,15.3,-0.4,1
12,93,82.61111111,12.3,16.4,0.7,1
12,94,69.65,-0.6,15.2,-0.5,1
13,1,65.92,-4.3,5,-10.8,1
13,2,68,-2.3,23.9,8.2,1
13,3,68.2,-2.1,3.6,-12.2,1
13,4,53.5,-16.8,23,7.2,1
13,5,55.1,-15.2,23,7.2,1
13,6,75.2,4.9,0.5,-15.3,1
13,7,55.58333333,-14.7,23.8,8.1,1
13,8,67.33333333,-2.9,65,49.2,1
13,9,80.11111111,9.8,30.6,14.9,1
13,10,55.33333333,-14.9,47,31.2,1
13,11,71.19047619,0.9,2.8,-12.9,1
13,12,78.01388889,7.8,34.6,18.8,1
13,13,65.75,-4.5,9.5,-6.3,1
13,14,51.18918919,-19.1,5.4,-10.4,1
13,15,58.39130435,-11.9,10.3,-5.4,1
13,16,48.53846154,-21.7,14,-1.8,1
13,17,60.33870968,-9.9,5.4,-10.4,1
13,18,73.07692308,2.8,4.9,-10.8,1
13,19,71.76129032,1.5,13.7,-2.1,0
13,20,78.2189781,8,27.4,11.7,1
13,21,60,-10.3,5.9,-9.8,1
13,22,89.26470588,19,35.1,19.4,0
13,23,94.33333333,24.1,38,22.2,1
13,24,72.77272727,2.5,25.8,10,1
13,25,57.375,-12.9,4.7,-11,1
13,26,70.75384615,0.5,30,14.2,1
13,27,69.62162162,-0.6,16.9,1.1,1
13,28,58.09375,-12.2,5.6,-10.2,1
13,29,61.2,-9.1,32,16.2,1
13,30,80.19354839,9.9,10.3,-5.4,0
13,31,76.75,6.5,66.5,50.7,1
13,32,81.4,11.1,16.8,1,1
13,33,66.2,-4.1,5,-10.8,1
13,34,86.675,16.4,27.9,12.1,1
13,35,81.5,11.2,17,1.2,1
13,36,87.76521739,17.5,20.1,4.3,1
13,37,88.67741935,18.4,28.5,12.8,1
13,38,90.27941176,20,42.9,27.1,1
13,39,72.66666667,2.4,1.4,-14.4,1
13,40,88.96969697,18.7,39.3,23.6,1
13,41,51.16666667,-19.1,4.8,-11,1
13,42,79.00757576,8.7,41.6,25.9,0
13,43,83.62068966,13.4,22.5,6.8,1
13,44,94.27777778,24,21.7,5.9,1
13,45,87.57894737,17.3,11.4,-4.3,1
13,46,75.49484536,5.2,0.7,-15.1,0
13,47,97.54545455,27.3,42.2,26.5,1
13,48,92,21.7,36,20.2,1
13,49,71.25,1,16.5,0.7,1
13,50,53.5,-16.8,4.3,-11.4,1
13,51,65.5,-4.8,7.3,-8.4,1
13,52,70.75,0.5,4.5,-11.3,1
13,53,52.4,-17.9,10.7,-5.1,1
13,54,68.72222222,-1.5,3.9,-11.9,1
13,55,87.54368932,17.3,3.7,-12,1
13,56,96.30487805,26,16.2,0.4,0
13,57,94.27272727,24,32.5,16.7,1
13,58,63.25,-7,78.5,62.7,1
13,59,89,18.7,70,54.2,1
13,60,37.5,-32.8,27,11.2,1
13,61,62.25,-8,14.5,-1.3,1
13,62,87.625,17.4,28.3,12.5,1
13,63,74.88888889,4.6,48.2,32.4,1
13,64,94.625,24.4,51.3,35.5,1
13,65,69,-1.3,56.3,40.5,1
13,66,83.55555556,13.3,13.6,-2.2,1
13,67,78.90140845,8.6,31.3,15.6,1
13,68,91.66666667,21.4,29.5,13.7,1
13,69,90.46551724,20.2,30.4,14.6,0
13,70,83.57142857,13.3,50.9,35.2,1
13,71,82.77142857,12.5,28,12.2,1
13,72,81.1875,10.9,17.8,2.1,1
13,73,86.09913793,15.8,10.1,-5.6,1
13,74,92.87662338,22.6,25.6,9.9,0
13,75,61.37209302,-8.9,18.5,2.8,1
13,76,75.83333333,5.6,13.7,-2.1,1
13,77,85,14.7,2.1,-13.6,1
13,78,83.17647059,12.9,19,3.3,1
13,79,98.47826087,28.2,27.5,11.7,1
13,80,90.01339286,19.7,0.1,-15.6,0
13,81,95.61904762,25.4,51.5,35.8,1
13,82,74.28571429,4,5.8,-10,1
14,1,59.66666667,-10.6,20,4.2,1
14,2,59.76923077,-10.5,7.7,-8.1,1
14,3,80.08,9.8,10.4,-5.3,1
14,4,72,1.7,0,-15.8,1
14,5,78.22222222,8,3.2,-12.6,1
14,6,63.5,-6.8,5,-10.8,1
14,7,64.5,-5.8,8.5,-7.3,1
14,8,81.55612245,11.3,13.9,-1.8,0
14,9,69,-1.3,5,-10.8,1
14,10,70.5,0.2,3,-12.8,1
14,11,71,0.7,4,-11.8,1
14,12,74,3.7,1,-14.8,1
14,13,72,1.7,2,-13.8,1
14,14,73,2.7,0.7,-15.1,1
14,15,68.54285714,-1.7,4.9,-10.9,1
14,16,73.01052632,2.7,15,-0.8,1
14,17,68.625,-1.6,4.2,-11.6,1
14,18,72.79274611,2.5,12.7,-3.1,0
14,19,62.5,-7.8,6,-9.8,1
14,20,65.5,-4.8,8.3,-7.4,1
14,21,65.5,-4.8,7,-8.8,1
14,22,67.33333333,-2.9,6.7,-9.1,1
14,23,74.7,4.4,7.8,-8,1
14,24,66.75,-3.5,0.5,-15.3,1
14,25,76,5.7,9.3,-6.4,1
14,26,73.875,3.6,8.3,-7.5,1
14,27,72.16129032,1.9,1.6,-14.1,1
14,28,72.58333333,2.3,15.5,-0.3,1
14,29,77.25,7,0.3,-15.5,1
14,30,80.5,10.2,13.7,-2.1,1
14,31,79.1875,8.9,11.9,-3.9,1
14,32,76.45454545,6.2,3,-12.7,1
14,33,75,4.7,7.3,-8.5,1
14,34,70.59055118,0.3,4.9,-10.9,0
14,35,65.75,-4.5,17.5,1.7,1
14,36,64.75862069,-5.5,10,-5.7,1
14,37,65.375,-4.9,7.8,-8,1
14,38,66.1,-4.2,16.6,0.8,1
14,39,61.33333333,-8.9,10.1,-5.6,1
14,40,71.92857143,1.7,5,-10.8,1
14,41,71.6,1.3,1.6,-14.2,1
14,42,78.03846154,7.8,17.6,1.8,1
14,43,72.25,2,4.8,-10.9,1
14,44,70.44444444,0.2,1.3,-14.4,1
14,45,69.9,-0.4,15.8,0,1
14,46,78.05,7.8,11.1,-4.7,1
14,47,79.67924528,9.4,11.1,-4.6,1
14,48,77.77659574,7.5,15.3,-0.4,1
14,49,73.73684211,3.5,2,-13.8,1
14,50,82.125,11.9,15.6,-0.2,1
14,51,77.46184739,7.2,2.8,-12.9,0
14,52,71.57894737,1.3,16.8,1.1,1
14,53,65.18382353,-5.1,2.9,-12.8,1
14,54,71.97333333,1.7,12.5,-3.2,0
14,55,72.5,2.2,3.7,-12.1,1
14,56,68.56122449,-1.7,13.7,-2,1
14,57,68.25,-2,4.4,-11.4,1
14,58,65,-5.3,9.3,-6.4,1
14,59,69.33333333,-0.9,11.8,-4,1
14,60,72.77777778,2.5,7.7,-8.1,1
14,61,71.37931034,1.1,4.5,-11.3,1
14,62,77.44444444,7.2,1.3,-14.5,1
14,63,73.69402985,3.4,12,-3.7,0
14,64,69.28571429,-1,25,9.2,1
14,65,74.21818182,4,8.5,-7.3,1
14,66,83.43243243,13.2,22,6.3,1
14,67,75.2,4.9,1.3,-14.4,1
14,68,81.3255814,11.1,33.2,17.4,1
14,69,69.71428571,-0.5,7.9,-7.8,1
14,70,75.12626263,4.9,23.6,7.9,0
14,71,75.5,5.2,2.5,-13.3,1
14,72,72.75,2.5,8.5,-7.3,1
14,73,62.75,-7.5,3.5,-12.3,1
14,74,63.375,-6.9,15.3,-0.5,1
14,75,84.41176471,14.1,15.2,-0.6,1
14,76,75,4.7,13.3,-2.4,1
14,77,82.9,12.6,18.6,2.8,1
14,78,85.41666667,15.2,7.2,-8.6,1
14,79,85.25,15,4.5,-11.3,1
14,80,79,8.7,3.3,-12.4,1
14,81,74.5,4.2,11.1,-4.6,1
14,82,78.38888889,8.1,4.6,-11.2,1
14,83,78.73913043,8.5,11.3,-4.5,1
14,84,74.66666667,4.4,4.6,-11.2,1
14,85,83.48888889,13.2,12.1,-3.6,1
14,86,84.6,14.3,9.4,-6.4,1
14,87,80.54794521,10.3,19.4,3.7,1
14,88,87.53225806,17.3,7.9,-7.9,1
14,89,77.1025641,6.8,26.5,10.8,1
14,90,88.51428571,18.3,11,-4.7,1
14,91,75.89864865,5.6,24.9,9.1,0
14,92,80.8,10.5,21.3,5.6,0
14,93,70.75,0.5,26.5,10.7,1
14,94,77.6,7.3,21.3,5.5,1
14,95,78.34782609,8.1,15.5,-0.2,1
14,96,58.5,-11.8,17,1.2,1
14,97,88.28571429,18,18.9,3.1,1
14,98,73.35714286,3.1,12.8,-2.9,1
14,99,71.44897959,1.2,2.5,-13.3,1
15,1,61.14285714,-9.1,18.4,2.7,1
15,2,66.83333333,-3.4,27.7,11.9,1
15,3,51,-19.3,38,22.2,1
15,4,67.5,-2.8,17,1.2,1
15,5,76.125,5.9,5.3,-10.5,1
15,6,67,-3.3,4,-11.8,1
15,7,62.625,-7.6,0.8,-15,1
15,8,58.5,-11.8,13,-2.8,1
15,9,63.66666667,-6.6,7,-8.8,1
15,10,62.84375,-7.4,9,-6.7,1
15,11,59.83333333,-10.4,22.3,6.6,1
15,12,62.66666667,-7.6,16.7,0.9,1
15,13,66.33333333,-3.9,0.8,-15,0
15,14,69.25,-1,9.5,-6.3,1
15,15,65,-5.3,16,0.2,1
15,16,84.75,14.5,31.5,15.7,1
15,17,71.75,1.5,6.5,-9.3,1
15,18,77.54545455,7.3,10.1,-5.6,0
15,19,72,1.7,6,-9.8,1
15,20,69.89830508,-0.4,12.9,-2.8,1
15,21,67,-3.3,16.7,0.9,1
15,22,72.58823529,2.3,1.9,-13.9,0
15,23,65.5,-4.8,1.9,-13.9,1
15,24,62.5,-7.8,27,11.2,1
15,25,49.5,-20.8,51,35.2,1
15,26,46.5,-23.8,45,29.2,1
15,27,60.5,-9.8,13,-2.8,1
15,28,63.4,-6.9,29.8,14.1,1
15,29,39,-31.3,30,14.2,1
15,30,84.63387978,14.4,6.5,-9.2,0
15,31,83.5,13.2,19,3.2,1
15,32,61,-9.3,8,-7.8,1
15,33,45,-25.3,42,26.2,1
15,34,62.70454545,-7.6,3.9,-11.9,1
15,35,65.16666667,-5.1,19.7,3.9,1
15,36,62.775,-7.5,7.6,-8.2,0
15,37,67.33333333,-2.9,30.5,14.7,1
15,38,42,-28.3,36,20.2,1
15,39,49.5,-20.8,51,35.2,1
15,40,64.44736842,-5.8,8.1,-7.6,1
15,41,64,-6.3,22.8,7,1
15,42,82.12857143,11.9,17.1,1.3,0
15,43,47,-23.3,46,30.2,1
15,44,49.5,-20.8,48,32.2,1
15,45,38.5,-31.8,29,13.2,1
15,46,73.58333333,3.3,4.6,-11.1,1
15,47,70.18181818,-0.1,10.6,-5.2,1
15,48,59.78571429,-10.5,2.4,-13.3,1
15,49,56.73333333,-13.5,7.2,-8.6,1
15,50,58,-12.3,46.5,30.7,1
15,51,59.79411765,-10.5,6.8,-8.9,1
15,52,60.58333333,-9.7,10.5,-5.3,1
15,53,55,-15.3,1.3,-14.4,1
15,54,71.2,0.9,29.3,13.6,1
15,55,54.77272727,-15.5,12.2,-3.5,1
15,56,54.33333333,-15.9,11.3,-4.4,1
15,57,74.8,4.5,38.4,22.6,1
15,58,67.6,-2.7,14.8,-1,1
15,59,54.74074074,-15.5,6.6,-9.2,1
15,60,56.77777778,-13.5,3.8,-12,1
15,61,58.0862069,-12.2,15.4,-0.4,1
15,62,59.35820896,-10.9,11,-4.7,0
15,63,57.34146341,-12.9,4.9,-10.8,1
15,64,59.26666667,-11,6.9,-8.9,1
15,65,72.52475248,2.3,7.8,-8,0
15,66,71.125,0.9,16.3,0.6,1
15,67,82.40298507,12.1,40.7,24.9,1
15,68,63.75,-6.5,53,37.2,1
15,69,61.07142857,-9.2,9.2,-6.5,1
15,70,63.83333333,-6.4,14,-1.8,1
15,71,62.54054054,-7.7,6.7,-9,1
15,72,85.33870968,15.1,35.3,19.6,1
15,73,66.67241379,-3.6,15.1,-0.6,1
15,74,61.24299065,-9,13.1,-2.7,0
15,75,55.13333333,-15.1,17.2,1.4,1
15,76,55,-15.3,0.3,-15.4,1
15,77,58.41666667,-11.8,1.8,-13.9,1
15,78,60.11764706,-10.1,6.6,-9.2,1
15,79,53.875,-16.4,13.5,-2.3,1
15,80,54.4375,-15.8,4.9,-10.9,1
15,81,59.55882353,-10.7,0.5,-15.3,1
16,1,73.14285714,2.9,1.9,-13.9,1
16,2,82.33333333,12.1,35.5,19.7,1
16,3,68.5,-1.8,3.5,-12.3,1
16,4,73.33333333,3.1,2.5,-13.3,1
16,5,67.83333333,-2.4,2.5,-13.3,1
16,6,78.55238095,8.3,16.8,1.1,1
16,7,80.46969697,10.2,4.1,-11.7,1
16,8,91.5,21.2,20,4.3,1
16,9,79.41860465,9.2,6.1,-9.6,1
16,10,80.2195122,10,23.3,7.5,1
16,11,90.31666667,20.1,38.4,22.6,1
16,12,84.27868852,14,1.1,-14.6,0
16,13,94.23076923,24,6.6,-9.2,1
16,14,98.91666667,28.7,19.3,3.6,1
16,15,89.66666667,19.4,12.5,-3.3,1
16,16,87.40625,17.1,18.4,2.6,1
16,17,88.53125,18.3,5.3,-10.5,1
16,18,95,24.7,9.3,-6.4,1
16,19,85.63157895,15.4,16.6,0.9,0
16,20,72,1.7,6,-9.8,1
16,21,99.5,29.2,4,-11.8,1
16,22,69.5,-0.8,1,-14.8,1
16,23,76.2,5.9,16,0.2,1
16,24,88.5,18.2,4,-11.8,1
16,25,63.33333333,-6.9,30.5,14.7,1
16,26,82.33333333,12.1,23.3,7.6,1
16,27,73.5,3.2,9,-6.8,1
16,28,67.61111111,-2.7,7.8,-7.9,1
16,29,70,-0.3,12.8,-3,1
16,30,73.83333333,3.6,3.4,-12.4,1
16,31,67.18181818,-3.1,4.2,-11.5,1
16,32,71.83333333,1.6,5.3,-10.5,1
16,33,72.04545455,1.8,7.4,-8.4,1
16,34,74.25,4,16.3,0.6,1
16,35,79.14285714,8.9,12.6,-3.2,1
16,36,83.09333333,12.8,13,-2.7,0
16,37,71.66666667,1.4,4.2,-11.6,1
16,38,71.08333333,0.8,6.5,-9.3,1
16,39,68.16666667,-2.1,0.3,-15.4,1
16,40,69.8372093,-0.4,2.2,-13.6,1
16,41,71.67857143,1.4,10,-5.8,1
16,42,70.59375,0.3,1.6,-14.2,1
16,43,65.1,-5.2,1.6,-14.2,1
16,44,68.3030303,-2,2,-13.7,1
16,45,77.75,7.5,15.2,-0.6,1
16,46,78.3,8,15.4,-0.4,1
16,47,90.1011236,19.8,33.6,17.8,1
16,48,72.91666667,2.7,3.2,-12.6,1
16,49,77.63265306,7.4,10,-5.8,1
16,50,69.5,-0.8,1.8,-13.9,1
16,51,76.52941176,6.3,9,-6.7,1
16,52,71.52631579,1.3,4.3,-11.4,1
16,53,72.6460177,2.4,5.5,-10.3,0
16,54,76.5,6.2,10,-5.8,1
16,55,70.78947368,0.5,1.3,-14.5,1
16,56,71.33027523,1.1,6.1,-9.7,0
16,57,71.78571429,1.5,0.4,-15.3,1
16,58,77.5,7.2,10.7,-5.1,1
16,59,71.1,0.8,1.8,-14,1
16,60,69.94444444,-0.3,4.1,-11.6,1
16,61,71.07894737,0.8,2.6,-13.2,1
16,62,73.82051282,3.6,9.5,-6.3,1
16,63,73.5,3.2,8.3,-7.5,1
16,64,75.22727273,5,13.1,-2.7,1
16,65,72.51456311,2.3,12.4,-3.3,0
16,66,70.18181818,-0.1,9.1,-6.7,1
16,67,75.5,5.2,4.3,-11.5,1
16,68,71.76,1.5,3,-12.7,1
16,69,67.62068966,-2.6,2.3,-13.5,1
16,70,79.10447761,8.8,1.1,-14.7,0
16,71,85.2,14.9,8.8,-7,1
16,72,72.8,2.5,15.6,-0.2,1
17,1,90.16666667,19.9,73.4,57.6,1
17,2,74.125,3.9,12.7,-3,1
17,3,66,-4.3,22,6.2,1
17,4,73.84615385,3.6,13.6,-2.2,1
17,5,62.5,-7.8,8.3,-7.5,1
17,6,72.45833333,2.2,10.9,-4.8,1
17,7,80.13333333,9.9,37.6,21.8,1
17,8,92.22,22,49,33.2,1
17,9,71.50862069,1.2,21.5,5.7,0
17,10,90.25,20,55.5,39.7,1
17,11,69.5,-0.8,27,11.2,1
17,12,90.5,20.2,5.7,-10.1,1
17,13,66.16666667,-4.1,23,7.2,1
17,14,84.66666667,14.4,26.4,10.6,1
17,15,83.49180328,13.2,46.6,30.8,1
17,16,65.16666667,-5.1,27.7,11.9,1
17,17,81.33333333,11.1,37.3,21.6,1
17,18,79.95505618,9.7,33.2,17.4,0
17,19,74.46153846,4.2,32.9,17.1,1
17,20,74.25,4,5.5,-10.3,1
17,21,69.25,-1,27.5,11.7,1
17,22,75.125,4.9,29.3,13.5,1
17,23,93.63157895,23.4,34.7,18.9,1
17,24,91,20.7,4,-11.8,1
17,25,64.5,-5.8,9,-6.8,1
17,26,90,19.7,42,26.2,1
17,27,82.9047619,12.6,32.8,17.1,1
17,28,77.1,6.8,15.8,0,1
17,29,77.86363636,7.6,30.4,14.7,1
17,30,88.03846154,17.8,27.5,11.7,1
17,31,77.7,7.4,20.2,4.4,1
17,32,84.03571429,13.8,40.8,25,1
17,33,82.78571429,12.5,10.1,-5.6,1
17,34,77.25,7,27.2,11.4,1
17,35,81.55555556,11.3,24.7,8.9,1
17,36,79.65517241,9.4,19.9,4.2,1
17,37,72.71428571,2.5,9.7,-6,1
17,38,91,20.7,12.5,-3.3,1
17,39,89.20382166,18.9,26.2,10.4,1
17,40,88.74193548,18.5,24.5,8.8,1
17,41,71.25,1,16.5,0.7,1
17,42,76.44736842,6.2,16.5,0.7,1
17,43,90.09459459,19.8,35.2,19.5,1
17,44,82.24590164,12,19.9,4.2,0
17,45,73.83333333,3.6,11,-4.8,1
17,46,76,5.7,24.3,8.6,1
17,47,68.16666667,-2.1,7.7,-8.1,1
17,48,83,12.7,34,18.2,1
17,49,100.1103448,29.8,44.7,28.9,0
17,50,94.66304348,24.4,20.1,4.4,0
17,51,80.5,10.2,36.5,20.7,1
17,52,91.5,21.2,41,25.2,1
17,53,91.8,21.5,28.8,13,1
17,54,87.625,17.4,44.3,28.5,1
17,55,103.3333333,33.1,33,17.2,1
17,56,105.1142857,34.9,1.1,-14.7,0
17,57,101.875,31.6,8.3,-7.5,1
17,58,101.6875,31.4,22.6,6.9,1
17,59,110.4166667,40.2,0.5,-15.3,1
17,60,99.25,29,7,-8.8,1
17,61,101.0625,30.8,44.2,28.5,0
17,62,82.83333333,12.6,26.3,10.6,1
17,63,78,7.7,18,2.2,1
17,64,110,39.7,0,-15.8,1
17,65,103.375,33.1,11.3,-4.5,1
17,66,102.5,32.2,17.7,1.9,1
17,67,108.4,38.1,4.8,-11,1
17,68,111.2,40.9,0.8,-15,1
17,69,116.5,46.2,6.6,-9.2,1
17,70,101,30.7,3,-12.7,1
17,71,80.75,10.5,31.2,15.4,1
17,72,89.5,19.2,3,-12.8,1
17,73,91.58333333,21.3,0.5,-15.3,1
17,74,99.66037736,29.4,15.7,-0.1,0
17,75,111.0943396,40.8,24.5,8.7,1
17,76,96.01333333,25.7,27.4,11.7,1
17,77,98.675,28.4,41.6,25.8,1
17,78,101.6,31.3,24.3,8.5,1
17,79,109.6171875,39.4,39.1,23.3,0
17,80,82,11.7,30,14.2,1
17,81,86.5,16.2,63,47.2,1
17,82,89.5,19.2,37,21.2,1
17,83,90.26315789,20,56,40.3,1
17,84,105.04,34.8,45.3,29.5,1
17,85,101.9565217,31.7,56.7,40.9,1
17,86,104.0714286,33.8,23.2,7.4,1
17,87,98.60606061,28.3,27.7,11.9,1
17,88,96.75806452,26.5,53,37.3,1
17,89,90.5,20.2,39.4,23.7,1
17,90,98.51724138,28.3,30.9,15.2,1
17,91,87.63291139,17.4,30.2,14.4,1
17,92,107.2923077,37,22.9,7.1,1
17,93,93.62406015,23.4,27.9,12.1,0
17,94,98.92105263,28.7,41.5,25.7,1
18,1,54.28571429,-16,15,-0.8,1
18,2,61,-9.3,8,-7.8,1
18,3,56,-14.3,14,-1.8,1
18,4,67.875,-2.4,6.3,-9.5,1
18,5,53.75,-16.5,18.5,2.7,1
18,6,65.75,-4.5,9.5,-6.3,1
18,7,66.75,-3.5,10.5,-5.3,1
18,8,63.5,-6.8,19,3.2,1
18,9,56.90697674,-13.4,8,-7.8,0
18,10,34,-36.3,20,4.2,1
18,11,66,-4.3,2,-13.8,1
18,12,67.66666667,-2.6,16,0.2,1
18,13,67.5,-2.8,6.8,-9,1
18,14,57.8,-12.5,4.7,-11.1,1
18,15,67,-3.3,4,-11.8,1
18,16,55.5,-14.8,1,-14.8,1
18,17,67.36363636,-2.9,9.1,-6.7,1
18,18,57.33333333,-12.9,13,-2.8,1
18,19,62.71830986,-7.5,12.6,-3.2,0
18,20,63.5,-6.8,19,3.2,1
18,21,64.5,-5.8,9,-6.8,1
18,22,61.5,-8.8,13,-2.8,1
18,23,63.75,-6.5,7.5,-8.3,1
18,24,63,-7.3,4.3,-11.4,1
18,25,61.5,-8.8,14.5,-1.3,1
18,26,56.64285714,-13.6,32.7,17,1
18,27,52.5,-17.8,11,-4.8,1
18,28,58.23076923,-12,33.8,18.1,0
18,29,60,-10.3,12,-3.8,1
18,30,55.75,-14.5,0.5,-15.3,1
18,31,63.33333333,-6.9,1.3,-14.5,1
18,32,66.5,-3.8,1.3,-14.5,1
18,33,64.28571429,-6,4.2,-11.6,1
18,34,49.5,-20.8,11,-4.8,1
18,35,61.54385965,-8.7,8.2,-7.5,0
18,36,61.25,-9,3.5,-12.3,1
18,37,50,-20.3,37,21.2,1
18,38,59.33333333,-10.9,19.7,3.9,1
18,39,63.08333333,-7.2,16.8,1.1,1
18,40,59,-11.3,11.3,-4.5,1
18,41,49,-21.3,8,-7.8,1
18,42,60.86666667,-9.4,26.4,10.7,1
18,43,57.675,-12.6,7.2,-8.5,0
18,44,56.25,-14,27.5,11.7,1
18,45,58.375,-11.9,3.3,-12.5,1
18,46,68.25,-2,15.5,-0.3,1
18,47,64.375,-5.9,2,-13.8,1
18,48,60.5,-9.8,7,-8.8,1
18,49,62.75,-7.5,24.5,8.7,1
18,50,61.83333333,-8.4,17.7,1.9,1
18,51,55.83333333,-14.4,11.7,-4.1,1
18,52,61.1875,-9.1,11.4,-4.4,1
18,53,76.375,6.1,21.8,6,1
18,54,63.375,-6.9,21.3,5.5,1
18,55,72.5,2.2,14.5,-1.3,1
18,56,58.98795181,-11.3,19.3,3.6,0
18,57,68.27536232,-2,16.7,1,0
18,58,61.30769231,-9,9.9,-5.9,1
18,59,63.25,-7,17.5,1.7,1
18,60,68.5,-1.8,8,-7.8,1
18,61,64.47368421,-5.8,19.7,4,0
18,62,49,-21.3,6,-9.8,1
18,63,47.25,-23,26.5,10.7,1
18,64,64.25,-6,2.5,-13.3,1
18,65,65.25,-5,5.5,-10.3,1
18,66,58,-12.3,15,-0.8,1
18,67,58.5,-11.8,22.3,6.6,1
18,68,42.75,-27.5,3.5,-12.3,1
18,69,61.125,-9.1,8.8,-7,1
18,70,59.25,-11,4.2,-11.6,1
18,71,66.33333333,-3.9,15.3,-0.4,1
18,72,56.73913043,-13.5,12,-3.7,1
18,73,62.6,-7.7,9.6,-6.2,1
18,74,66.25,-4,13.2,-2.6,1
18,75,57.24358974,-13,22.3,6.5,0
18,76,48.23076923,-22,20.3,4.6,1
18,77,62,-8.3,40.7,24.9,1
18,78,66.16666667,-4.1,27,11.2,1
18,79,74.66666667,4.4,36.7,20.9,1
18,80,63.5,-6.8,10,-5.8,1
18,81,55.625,-14.6,29.8,14,1
18,82,53.625,-16.6,12.3,-3.5,1
18,83,59.625,-10.6,25.8,10,1
18,84,55.7,-14.6,15.9,0.2,1
18,85,58.1,-12.2,16.6,0.8,1
18,86,75.3,5,29.8,14,1
18,87,65.21875,-5,33.4,17.7,1
18,88,50.08333333,-20.2,12.8,-2.9,1
18,89,63.25,-7,49.8,34.1,1
18,90,62.34285714,-7.9,15,-0.8,1
18,91,55.26086957,-15,15,-0.7,1
18,92,60.453125,-9.8,12.3,-3.5,0
18,93,66.33333333,-3.9,36.7,20.9,1
18,94,63.16666667,-7.1,47,31.2,1
18,95,58.25,-12,34.2,18.4,0
18,96,52.0625,-18.2,17.4,1.6,1
18,97,69.5625,-0.7,45.1,29.4,1
18,98,51.875,-18.4,1.3,-14.5,1
18,99,66.875,-3.4,55.3,39.5,1
18,100,64.03658537,-6.2,27.8,12,0
18,101,58.83333333,-11.4,30.3,14.6,1
18,102,70.02083333,-0.2,18.8,3,1
18,103,70.66666667,0.4,38.7,22.9,1
18,104,68.47727273,-1.8,18.7,2.9,1
19,1,90.25,20,,#WAARDE!,1
19,2,68,-2.3,20,4.2,1
19,3,49.5,-20.8,51,35.2,1
19,4,70.71428571,0.5,9.4,-6.3,1
19,5,65.2,-5.1,14.8,-0.9,1
19,6,63.05,-7.2,21.5,5.7,1
19,7,67.58974359,-2.7,18.7,3,1
19,8,66.25,-4,17.5,1.7,1
19,9,83.99350649,13.7,21.7,5.9,1
19,10,58.75,-11.5,20.5,4.7,1
19,11,78.952,8.7,16.3,0.5,0
19,12,57,-13.3,34,18.2,1
19,13,60.5,-9.8,23,7.2,1
19,14,71.5,1.2,1,-14.8,1
19,15,61.75,-8.5,17.5,1.7,1
19,16,42,-28.3,36,20.2,1
19,17,66.5,-3.8,13,-2.8,1
19,18,73.0969697,2.8,9.6,-6.2,0
19,19,53,-17.3,24,8.2,1
19,20,67.5,-2.8,9,-6.8,1
19,21,66.66666667,-3.6,7,-8.8,1
19,22,63,-7.3,10,-5.8,1
19,23,64.33333333,-5.9,4,-11.8,1
19,24,62.25,-8,8.5,-7.3,1
19,25,64.5,-5.8,5,-10.8,1
19,26,48.75,-21.5,12.5,-3.3,1
19,27,65,-5.3,4.7,-11.1,1
19,28,65.82352941,-4.4,11.9,-3.8,1
19,29,69.77777778,-0.5,1.8,-13.9,1
19,30,68.44444444,-1.8,15.2,-0.6,1
19,31,66.75,-3.5,18.5,2.7,1
19,32,66.56,-3.7,22.1,6.3,1
19,33,65.90909091,-4.4,20.7,4.9,1
19,34,70.1,-0.2,27,11.2,1
19,35,77.27272727,7,15.8,0.1,0
19,36,76.13888889,5.9,32.5,16.8,1
19,37,70,-0.3,7,-8.8,1
19,38,75.5,5.2,24.6,8.8,1
19,39,68.71428571,-1.5,18.9,3.1,1
19,40,80.43220339,10.2,22.4,6.7,0
19,41,61.5,-8.8,15,-0.8,1
19,42,59.33333333,-10.9,2.7,-13.1,1
19,43,56.16666667,-14.1,1,-14.8,1
19,44,51.5,-18.8,11.7,-4.1,1
19,45,59.375,-10.9,11.8,-4,1
19,46,53.875,-16.4,33.3,17.5,1
19,47,56.75,-13.5,6,-9.8,1
19,48,62.75,-7.5,6.1,-9.7,1
19,49,63.92307692,-6.3,7,-8.8,1
19,50,63.41666667,-6.8,18.9,3.1,1
19,51,55.2,-15.1,10,-5.8,1
19,52,62.2,-8.1,12.8,-3,1
19,53,74.51515152,4.3,4.6,-11.2,0
19,54,73.91489362,3.7,22.4,6.6,1
19,55,68.25,-2,6,-9.8,1
19,56,68.57142857,-1.7,11.5,-4.3,1
19,57,65.28125,-5,4.2,-11.6,1
19,58,81.5739645,11.3,27.5,11.8,0
19,59,76.73846154,6.5,15.2,-0.6,1
19,60,71.78333333,1.5,13.4,-2.3,1
19,61,68.42857143,-1.8,10.3,-5.4,1
19,62,71.48,1.2,14.7,-1.1,1
19,63,76.54237288,6.3,14.7,-1.1,1
19,64,76.4,6.1,6.3,-9.4,1
19,65,79.61904762,9.4,24.8,9.1,1
19,66,82.51497006,12.3,6.5,-9.2,0
19,67,82.31428571,12.1,20.6,4.9,1
19,68,71.34782609,1.1,4.6,-11.1,1
19,69,75.11111111,4.8,2.2,-13.6,1
19,70,68.83333333,-1.4,2.8,-13,1
19,71,73.82758621,3.6,12.5,-3.2,1
19,72,69.11764706,-1.1,4.1,-11.7,1
19,73,80.01492537,9.8,10.7,-5,1
19,74,79.51612903,9.3,3.6,-12.1,1
19,75,79.33333333,9.1,34.2,18.5,1
19,76,73.5,3.2,18,2.3,1
19,77,66,-4.3,36.7,20.9,1
19,78,74.27272727,4,20.8,5,1
19,79,80.15384615,9.9,20.7,5,1
19,80,71.72463768,1.5,15.5,-0.2,1
19,81,86.75862069,16.5,37.8,22.1,1
19,82,74.92857143,4.7,2.3,-13.5,1
19,83,87.05357143,16.8,29.3,13.6,1
19,84,73.22222222,3,1.4,-14.3,1
19,85,84.08571429,13.8,19.3,3.6,0
19,86,78.03921569,7.8,2.4,-13.3,1
19,87,88.84,18.6,27.3,11.5,1
19,88,73.36956522,3.1,21.1,5.4,1
19,89,80.88679245,10.6,24.1,8.4,1
19,90,75.96153846,5.7,11.1,-4.7,1
19,91,82.26875,12,26.9,11.1,0
19,92,68.88888889,-1.4,8,-7.8,1
19,93,66.52631579,-3.7,3.9,-11.9,1
19,94,70.66666667,0.4,3.7,-12.1,1
19,95,73.89189189,3.6,22.5,6.8,1
19,96,81.75757576,11.5,15.3,-0.5,1
19,97,79.04191617,8.8,7.6,-8.2,1
20,1,61.67741935,-8.6,26,10.2,1
20,2,49.375,-20.9,40.6,24.8,1
20,3,49.5,-20.8,20,4.2,1
20,4,48.5,-21.8,49,33.2,1
20,5,64,-6.3,14,-1.8,1
20,6,53,-17.3,19,3.2,1
20,7,61.25,-9,4.5,-11.3,1
20,8,65.5,-4.8,12,-3.8,1
20,9,62.75,-7.5,20.5,4.7,1
20,10,64,-6.3,14,-1.8,1
20,11,62.76470588,-7.5,14.4,-1.3,1
20,12,60.33333333,-9.9,26,10.2,1
20,13,55.57142857,-14.7,13.3,-2.5,1
20,14,64.23076923,-6,18.3,2.6,0
20,15,63.2,-7.1,8.7,-7.1,1
20,16,61.25,-9,18.5,2.7,1
20,17,62.33333333,-7.9,11,-4.8,1
20,18,63.5,-6.8,13,-2.8,1
20,19,69.5,-0.8,3,-12.8,1
20,20,60.75,-9.5,9.5,-6.3,1
20,21,63.25,-7,15.5,-0.3,1
20,22,57.8,-12.5,0.3,-15.4,1
20,23,56.21875,-14,21.8,6.1,1
20,24,58.25,-12,29.7,13.9,1
20,25,62.25,-8,2.5,-13.3,1
20,26,72.97368421,2.7,4.9,-10.9,1
20,27,65.33333333,-4.9,33.6,17.9,1
20,28,66.44444444,-3.8,7.8,-8,1
20,29,68.72049689,-1.5,19.3,3.6,1
20,30,68.37096774,-1.9,0.8,-14.9,0
20,31,64.33333333,-5.9,5.8,-10,1
20,32,71.52941176,1.3,4.9,-10.8,1
20,33,71.5,1.2,11.7,-4.1,1
20,34,66.58333333,-3.7,3.5,-12.3,1
20,35,69.17647059,-1.1,28,12.2,1
20,36,69.5,-0.8,15.8,0,1
20,37,61.875,-8.4,18.2,2.4,1
20,38,72.33333333,2.1,16.7,0.9,1
20,39,66.92857143,-3.3,0.7,-15,1
20,40,68.03225806,-2.2,7.8,-7.9,1
20,41,66.98139535,-3.3,23,7.3,1
20,42,77.07594937,6.8,1.4,-14.3,0
20,43,81.25,11,14,-1.8,1
20,44,75.80392157,5.5,7.1,-8.7,1
20,45,71.37804878,1.1,17.7,2,1
20,46,75.5,5.2,48.8,33,1
20,47,76.89189189,6.6,7.6,-8.1,1
20,48,78.46938776,8.2,24.5,8.8,1
20,49,84.26923077,14,37.2,21.4,1
20,50,64,-6.3,2.6,-13.1,1
20,51,73.08823529,2.8,18.7,2.9,1
20,52,73.71428571,3.5,3.2,-12.6,1
20,53,68.11111111,-2.2,32.8,17,1
20,54,71.1,0.8,6.1,-9.7,1
20,55,72.85858586,2.6,25.5,9.8,1
20,56,73.28915663,3,14.3,-1.5,1
20,57,73.23,3,17.3,1.6,0
20,58,72.83333333,2.6,2.2,-13.6,1
20,59,66.5,-3.8,23,7.3,1
20,60,59.44444444,-10.8,1.3,-14.5,1
20,61,71.6,1.3,21.2,5.5,1
20,62,65.125,-5.1,7.8,-8,1
20,63,66.17721519,-4.1,14.4,-1.4,1
20,64,72.33333333,2.1,5.3,-10.5,1
20,65,68.75,-1.5,11.2,-4.5,1
20,66,73.82142857,3.6,10.2,-5.5,0
20,67,70.43037975,0.2,19.1,3.3,1
20,68,70.61290323,0.3,6.5,-9.2,1
20,69,82.26315789,12,12.4,-3.4,1
20,70,65.11111111,-5.2,6.3,-9.4,1
20,71,76.875,6.6,11.2,-4.6,1
20,72,78.25,8,2.5,-13.2,1
20,73,74.30985915,4,2.8,-13,1
20,74,74.48717949,4.2,20.7,5,1
20,75,69.59090909,-0.7,18.7,3,1
20,76,72.05882353,1.8,17.3,1.5,1
20,77,75.54545455,5.3,5.2,-10.5,1
20,78,82.50684932,12.2,24.7,9,0
20,79,72,1.7,14.4,-1.3,1
20,80,71.9375,1.7,7.9,-7.8,1
20,81,73.41322314,3.1,22.1,6.3,0
20,82,72.25,2,20.5,4.7,1
20,83,65.94444444,-4.3,12.1,-3.6,1
20,84,78.78571429,8.5,26.9,11.2,1
20,85,71.625,1.4,2.4,-13.4,1
20,86,66.16666667,-4.1,4.3,-11.5,1
20,87,77,6.7,16,0.2,1
20,88,67,-3.3,3,-12.8,1
21,1,36.25,-34,41,25.2,1
21,2,60.14285714,-10.1,10.3,-5.5,1
21,3,66.8,-3.5,17.3,1.5,1
21,4,56,-14.3,12,-3.8,1
21,5,58.45454545,-11.8,7.1,-8.7,1
21,6,63.68125,-6.6,0.5,-15.3,0
21,7,61.33333333,-8.9,26,10.2,1
21,8,55.5,-14.8,33,17.2,1
21,9,50,-20.3,46,30.2,1
21,10,37.5,-32.8,27,11.2,1
21,11,49.75,-20.5,46.5,30.7,1
21,12,44.75,-25.5,36.5,20.7,1
21,13,61,-9.3,15,-0.8,1
21,14,58,-12.3,13.5,-2.3,1
21,15,51,-19.3,24,8.2,1
21,16,64.64705882,-5.6,13.7,-2,1
21,17,62.25,-8,11,-4.8,1
21,18,53.375,-16.9,5.8,-10,1
21,19,66.38947368,-3.9,2.8,-13,1
21,20,64,-6.3,30,14.2,1
21,21,68.77777778,-1.5,5.5,-10.3,1
21,22,69.09090909,-1.2,4.6,-11.2,1
21,23,73.93333333,3.7,7.1,-8.7,1
21,24,64.92857143,-5.3,4.5,-11.3,1
21,25,74.53333333,4.3,3.1,-12.7,1
21,26,66.78431373,-3.5,8.1,-7.7,1
21,27,67.82926829,-2.4,8.2,-7.5,1
21,28,64.53333333,-5.7,7.8,-8,1
21,29,70.46428571,0.2,14.3,-1.4,1
21,30,62.24324324,-8,11.8,-3.9,1
21,31,67.43442623,-2.8,9.7,-6.1,0
21,32,66.22758621,-4,1.5,-14.3,0
21,33,57.4,-12.9,25.7,9.9,1
21,34,62.46666667,-7.8,2.6,-13.2,1
21,35,83.525,13.3,14.9,-0.9,1
21,36,63.51851852,-6.7,19.4,3.6,1
21,37,79.12280702,8.9,27.6,11.8,0
21,38,66.2,-4.1,0.5,-15.2,1
21,39,54.85714286,-15.4,33.6,17.8,1
21,40,61.66666667,-8.6,20.4,4.6,1
21,41,81.95,11.7,36.1,20.3,1
21,42,75.49677419,5.2,1.8,-13.9,0
21,43,50.33333333,-19.9,39.5,23.7,1
21,44,74.75,4.5,35.5,19.7,1
21,45,70.16666667,-0.1,3.1,-12.7,1
21,46,70.56,0.3,13.4,-2.3,1
21,47,73.76,3.5,30.6,14.8,1
21,48,72.01075269,1.7,16.5,0.7,1
21,49,66.89285714,-3.4,17.3,1.5,1
21,50,71.64435146,1.4,22.2,6.5,0
21,51,77.88,7.6,25.2,9.5,1
21,52,33,-37.3,18,2.2,1
21,53,71.27358491,1,1.7,-14,1
21,54,74.81034483,4.5,21.4,5.6,1
21,55,64.75257732,-5.5,0.4,-15.4,1
21,56,77.32751092,7.1,4.1,-11.7,0
21,57,71.33333333,1.1,35.1,19.4,1
21,58,57.5,-12.8,19.3,3.6,1
21,59,78.70689655,8.4,13.2,-2.5,1
21,60,52.8,-17.5,39.7,23.9,1
21,61,64.66666667,-5.6,40.8,25,1
21,62,65.33333333,-4.9,21.4,5.6,1
21,63,71.60869565,1.3,0.8,-14.9,1
21,64,77.74782609,7.5,7.6,-8.1,1
21,65,71.22727273,1,26.7,11,1
21,66,71.12322275,0.9,0.1,-15.7,0
21,67,78.97368421,8.7,20.2,4.4,1
21,68,65.39393939,-4.9,11.8,-4,1
21,69,71.75,1.5,12.5,-3.2,1
21,70,73,2.7,14.6,-1.1,1
21,71,75.92893401,5.7,28.1,12.3,1
21,72,62.59259259,-7.7,7.8,-7.9,1
21,73,78.18025751,7.9,21.6,5.9,0
21,74,65.5,-4.8,28.7,12.9,1
21,75,69.4375,-0.8,4.4,-11.4,1
21,76,67.11510791,-3.1,22.4,6.7,0
21,77,69,-1.3,15,-0.8,1
21,78,58.5,-11.8,16,0.2,1
21,79,64.42592593,-5.8,4.5,-11.2,1
22,1,46.27777778,-24,17.1,1.4,0
22,2,54.64705882,-15.6,26.1,10.3,0
22,3,57.46666667,-12.8,33.8,18.1,1
22,4,53.6,-16.7,33.2,17.4,1
22,5,70,-0.3,8,-7.8,1
22,6,67.56410256,-2.7,11.5,-4.3,1
22,7,65.53846154,-4.7,17,1.2,1
22,8,65.46511628,-4.8,13.5,-2.3,0
22,9,50,-20.3,52,36.2,1
22,10,75.51111111,5.2,16.7,0.9,0
22,11,59,-11.3,37.3,21.5,1
22,12,60.66666667,-9.6,24,8.2,1
22,13,69.5,-0.8,11,-4.8,1
22,14,77.85833333,7.6,3.1,-12.6,0
22,15,66.11111111,-4.2,15.1,-0.7,1
22,16,74.8375,4.6,6.8,-9,0
22,17,65,-5.3,82,66.2,1
22,18,79.28571429,9,2.3,-13.5,1
22,19,69.53846154,-0.7,27.5,11.7,1
22,20,74.91111111,4.6,27.7,12,0
22,21,50,-20.3,52,36.2,1
22,22,70,-0.3,6,-9.8,1
22,23,75.66666667,5.4,21.3,5.5,1
22,24,67.2,-3.1,13,-2.7,1
22,25,59.33333333,-10.9,30,14.2,1
22,26,72.57142857,2.3,13.6,-2.2,1
22,27,69.84,-0.4,10.1,-5.6,1
22,28,65.75,-4.5,8.5,-7.3,1
22,29,74.11904762,3.9,1.6,-14.2,0
22,30,71.75,1.5,10.5,-5.3,1
22,31,78.33333333,8.1,9.5,-6.3,1
22,32,95,24.7,14,-1.8,1
22,33,71,0.7,6,-9.8,1
22,34,80,9.7,9,-6.8,1
22,35,59.75,-10.5,24.5,8.7,1
22,36,63.625,-6.6,17.1,1.4,1
22,37,54.75,-15.5,28.5,12.7,1
22,38,71.63829787,1.4,9.2,-6.6,0
22,39,68,-2.3,8.7,-7.1,1
22,40,71,0.7,4,-11.8,1
22,41,68.5,-1.8,17,1.2,1
22,42,75.02941176,4.8,1.8,-14,1
22,43,70.5,0.2,7,-8.8,1
22,44,71.47058824,1.2,9.1,-6.6,1
22,45,70,-0.3,7.5,-8.3,1
22,46,72.94444444,2.7,3.6,-12.2,1
22,47,60.0952381,-10.2,32.6,16.9,1
22,48,71.53846154,1.3,1.8,-13.9,1
22,49,79.17241379,8.9,8.5,-7.2,1
22,50,65.33333333,-4.9,20,4.2,1
22,51,75.58333333,5.3,1.4,-14.3,1
22,52,68.66666667,-1.6,23.4,7.6,0
22,53,90.5,20.2,31,15.2,1
22,54,80.33333333,10.1,3.5,-12.3,1
22,55,55,-15.3,33,17.2,1
22,56,67.41333333,-2.9,21.2,5.5,1
22,57,68.16666667,-2.1,19,3.2,1
22,58,75.82352941,5.6,5.9,-9.9,1
22,59,64.71428571,-5.5,15.7,-0.1,1
22,60,76.84210526,6.6,20.6,4.9,1
22,61,72.33333333,2.1,6.5,-9.3,1
22,62,68.5,-1.8,13.2,-2.6,1
22,63,72.33333333,2.1,3.5,-12.3,1
22,64,65.66666667,-4.6,19.6,3.9,1
22,65,72.56756757,2.3,10.5,-5.3,0
22,66,56.25,-14,31.5,15.7,1
22,67,63.5,-6.8,19,3.2,1
22,68,64.33333333,-5.9,36.5,20.7,1
22,69,82.88888889,12.6,5.7,-10.1,1
22,70,62.4,-7.9,29.8,14.1,1
22,71,66.5,-3.8,13.4,-2.4,1
22,72,61.5,-8.8,30,14.2,1
22,73,67.52,-2.7,41.5,25.7,1
22,74,74.08024691,3.8,25.5,9.7,0
22,75,50,-20.3,52,36.2,1
22,76,62.125,-8.1,19.8,4,1
22,77,99.77777778,29.5,11.7,-4.1,1
22,78,85.5,15.2,11,-4.8,1
22,79,71.8,1.5,21.3,5.6,1
22,80,78.75,8.5,3.8,-11.9,1
22,81,65.91666667,-4.3,22.1,6.3,1
22,82,94.25,24,15.5,-0.3,1
23,1,67.75,-2.5,58.3,42.6,1
23,2,85.25,15,23,7.2,1
23,3,62.8,-7.5,1.2,-14.6,1
23,4,89.5,19.2,41,25.2,1
23,5,74.60493827,4.3,12,-3.8,0
23,6,75.16666667,4.9,6.3,-9.4,1
23,7,68,-2.3,9.3,-6.4,1
23,8,60.5,-9.8,9.2,-6.6,1
23,9,96.6,26.3,9.8,-5.9,1
23,10,85.5,15.2,43.3,27.6,1
23,11,65.65789474,-4.6,6.5,-9.2,1
23,12,70.82758621,0.6,5.5,-10.2,1
23,13,73.76470588,3.5,16,0.3,1
23,14,67.75555556,-2.5,6.8,-9,1
23,15,73.75757576,3.5,13.6,-2.2,0
23,16,73.61538462,3.4,36.7,20.9,1
23,17,74.96808511,4.7,12.7,-3.1,1
23,18,65.85074627,-4.4,3.7,-12.1,0
23,19,86.69565217,16.4,48,32.3,1
23,20,75.37254902,5.1,18.8,3.1,1
23,21,62.6875,-7.6,3.4,-12.4,1
23,22,69.07692308,-1.2,6.7,-9.1,1
23,23,64.3,-6,11,-4.7,1
23,24,72.5,2.2,59,43.2,1
23,25,62.16666667,-8.1,19.4,3.6,1
23,26,68.87755102,-1.4,9.7,-6.1,0
23,27,64.33333333,-5.9,43,27.2,1
23,28,64,-6.3,14,-1.8,1
23,29,66,-4.3,24,8.2,1
23,30,71.43010753,1.2,3.7,-12.1,1
23,31,73.81818182,3.6,9.9,-5.8,1
23,32,63.375,-6.9,4.8,-11,1
23,33,84.05,13.8,34.1,18.3,1
23,34,82.27777778,12,30.1,14.4,1
23,35,88.31818182,18.1,48,32.3,1
23,36,66.91666667,-3.3,18.7,2.9,1
23,37,78.06578947,7.8,22.1,6.3,0
23,38,62,-8.3,8,-7.8,1
23,39,59.75,-10.5,21.5,5.7,1
23,40,59.5,-10.8,10.3,-5.4,1
23,41,75.5,5.2,30.2,14.4,1
23,42,81.5,11.2,12,-3.8,1
23,43,79.33333333,9.1,35,19.2,1
23,44,79.85185185,9.6,31.6,15.9,1
23,45,69.93548387,-0.3,14,-1.8,1
23,46,90,19.7,48,32.2,1
23,47,82.50920245,12.2,20.5,4.7,0
23,48,82,11.7,19.8,4,1
23,49,88.4,18.1,36,20.2,1
23,50,62.06666667,-8.2,4,-11.7,1
23,51,78.35714286,8.1,2,-13.8,1
23,52,67.82474227,-2.4,5.7,-10.1,1
23,53,69.25742574,-1,8.4,-7.3,1
23,54,65.83333333,-4.4,8.7,-7.1,1
23,55,59.10526316,-11.2,4.4,-11.3,1
23,56,73.55555556,3.3,24.7,8.9,1
23,57,60.85416667,-9.4,5.4,-10.3,1
23,58,62.34821429,-7.9,4.9,-10.9,0
23,59,66.29824561,-4,2.6,-13.1,1
23,60,62.125,-8.1,15.9,0.1,1
23,61,67.06896552,-3.2,1.7,-14.1,1
23,62,79.34375,9.1,28.5,12.8,0
23,63,73,2.7,34,18.2,1
23,64,81.75,11.5,28.5,12.7,1
23,65,77.75,7.5,23.8,8.1,1
23,66,65.6,-4.7,0.7,-15.1,1
23,67,72.7,2.4,27,11.2,1
23,68,68.58181818,-1.7,8.5,-7.2,1
23,69,84.2,13.9,31.2,15.4,1
23,70,81.81651376,11.6,1.9,-13.8,0
23,71,96.56521739,26.3,21.6,5.8,1
23,72,72.72093023,2.5,24.5,8.8,1
23,73,67.33333333,-2.9,7.3,-8.4,1
23,74,73,2.7,24,8.3,1
23,75,78.25,8,50,34.2,1
23,76,76.72222222,6.5,36.7,21,1
23,77,68.375,-1.9,0.6,-15.2,1
23,78,69.66666667,-0.6,7.3,-8.4,1
23,79,71,0.7,0.5,-15.2,1
23,80,82.46666667,12.2,23.4,7.6,1
23,81,76.7755102,6.5,25.5,9.7,1
23,82,73.25,3,20.7,5,1
23,83,71.14285714,0.9,3,-12.8,1
23,84,81.47058824,11.2,2.4,-13.4,1
23,85,79.38461538,9.1,43.2,27.5,1
23,86,52.0625,-18.2,8.9,-6.9,1
23,87,88.57142857,18.3,52.1,36.3,1
23,88,78.42592593,8.2,31.5,15.7,0
23,89,59.58333333,-10.7,0.3,-15.5,1
24,1,65.5,-4.8,17,1.2,1
24,2,91.33333333,21.1,27.3,11.6,1
24,3,92,21.7,18.7,2.9,1
24,4,92.86666667,22.6,10.9,-4.8,1
24,5,76.625,6.4,33.8,18,1
24,6,71,0.7,9.3,-6.4,1
24,7,101,30.7,0.5,-15.3,1
24,8,71.875,1.6,7.8,-8,1
24,9,86.88636364,16.6,4.4,-11.3,1
24,10,71.33333333,1.1,6.7,-9.1,1
24,11,94.13513514,23.9,2,-13.8,0
24,12,84.5,14.2,35.3,19.6,1
24,13,85.33333333,15.1,14.1,-1.7,1
24,14,77.66666667,7.4,8.9,-6.8,1
24,15,77.75,7.5,4.4,-11.4,0
24,16,73.57142857,3.3,12.2,-3.6,1
24,17,71.09090909,0.8,8.2,-7.5,1
24,18,95.25,25,13.5,-2.3,1
24,19,85.51111111,15.2,7.2,-8.6,1
24,20,80.75,10.5,16.5,0.7,1
24,21,68.45833333,-1.8,9.3,-6.5,1
24,22,82.4,12.1,8.8,-7,1
24,23,82.11111111,11.8,24.3,8.6,1
24,24,80.32075472,10.1,13.2,-2.5,1
24,25,96.62745098,26.4,11.4,-4.4,1
24,26,92.25,22,26.7,11,1
24,27,97.79545455,27.5,10.7,-5.1,1
24,28,82.38461538,12.1,19,3.2,1
24,29,91.31111111,21,2.8,-12.9,1
24,30,90,19.7,10.3,-5.5,0
24,31,90.375,20.1,19.1,3.4,1
24,32,86.71428571,16.5,15.9,0.1,1
24,33,104.25,34,1.5,-14.3,1
24,34,77.36666667,7.1,0.4,-15.3,1
24,35,85.88461538,15.6,10.3,-5.5,1
24,36,87.67567568,17.4,1,-14.7,1
24,37,89.21904762,19,1.5,-14.3,0
24,38,90.75,20.5,22.5,6.7,1
24,39,100.25,30,2.2,-13.6,1
24,40,91.3,21,1.8,-14,1
24,41,85,14.7,32,16.2,1
24,42,83.07142857,12.8,25.2,9.5,1
24,43,98.5,28.2,6.6,-9.2,1
24,44,101.1666667,30.9,6,-9.8,1
24,45,93.95121951,23.7,2.1,-13.7,1
24,46,79.70731707,9.4,16.1,0.3,0
24,47,90.6,20.3,4,-11.8,1
24,48,95.58333333,25.3,1.2,-14.5,1
24,49,104.1,33.8,2.2,-13.6,1
24,50,91.87272727,21.6,14.6,-1.2,1
24,51,91.01351351,20.7,24.3,8.5,0
24,52,94.5,24.2,11.7,-4.1,1
24,53,90.5,20.2,8,-7.8,1
24,54,79.75294118,9.5,3.2,-12.5,1
24,55,87.33333333,17.1,17.5,1.7,1
24,56,87.33333333,17.1,8.9,-6.9,1
24,57,96.53333333,26.3,16.7,0.9,1
24,58,83.06666667,12.8,7.7,-8.1,1
24,59,81,10.7,12.5,-3.3,1
24,60,92.9,22.6,3.4,-12.4,1
24,61,86.27272727,16,6.4,-9.4,1
24,62,79.50847458,9.2,6.1,-9.6,1
24,63,89.52083333,19.3,24,8.2,0
24,64,81.5,11.2,9.3,-6.4,1
24,65,82.72,12.5,2.4,-13.4,1
24,66,80.29166667,10,4.8,-11,1
24,67,87.05263158,16.8,14.7,-1.1,1
24,68,75.16666667,4.9,3.3,-12.4,1
24,69,100.9545455,30.7,8.6,-7.1,1
24,70,95.04,24.8,1.7,-14.1,1
24,71,82.6,12.3,7.6,-8.2,1
24,72,84.06451613,13.8,8.5,-7.2,0
24,73,88.56,18.3,12.6,-3.2,1
24,74,93,22.7,9.3,-6.4,1
24,75,85.55882353,15.3,7.9,-7.9,1
24,76,97.41666667,27.2,37.1,21.3,1
24,77,83.5,13.2,33.5,17.7,1
24,78,85.73333333,15.5,0.4,-15.4,1
